NumTrainingEpisode,AvgRewardsForAll,EpisodeReward,Alpha,Epsilon,Gamma,Lambda
1,506.0,506.0,0.2,0.05,0.8,-NA-
2,1.0,-504.0,0.2,0.05,0.8,-NA-
3,-167.33333333333334,-504.0,0.2,0.05,0.8,-NA-
4,1.0,506.0,0.2,0.05,0.8,-NA-
5,100.6,499.0,0.2,0.05,0.8,-NA-
6,-0.16666666666666666,-504.0,0.2,0.05,0.8,-NA-
7,-72.14285714285714,-504.0,0.2,0.05,0.8,-NA-
8,-0.875,498.0,0.2,0.05,0.8,-NA-
9,-57.22222222222222,-508.0,0.2,0.05,0.8,-NA-
10,-102.1,-506.0,0.2,0.05,0.8,-NA-
11,-46.72727272727273,507.0,0.2,0.05,0.8,-NA-
12,-85.08333333333333,-507.0,0.2,0.05,0.8,-NA-
13,-39.61538461538461,506.0,0.2,0.05,0.8,-NA-
14,-72.78571428571429,-504.0,0.2,0.05,0.8,-NA-
15,-101.53333333333333,-504.0,0.2,0.05,0.8,-NA-
16,-126.6875,-504.0,0.2,0.05,0.8,-NA-
17,-89.88235294117646,499.0,0.2,0.05,0.8,-NA-
18,-56.833333333333336,505.0,0.2,0.05,0.8,-NA-
19,-80.6842105263158,-510.0,0.2,0.05,0.8,-NA-
20,-51.8,497.0,0.2,0.05,0.8,-NA-
21,-73.33333333333333,-504.0,0.2,0.05,0.8,-NA-
22,-92.77272727272727,-501.0,0.2,0.05,0.8,-NA-
23,-66.73913043478261,506.0,0.2,0.05,0.8,-NA-
24,-85.20833333333333,-510.0,0.2,0.05,0.8,-NA-
25,-101.96,-504.0,0.2,0.05,0.8,-NA-
26,-78.53846153846153,507.0,0.2,0.05,0.8,-NA-
27,-94.25925925925925,-503.0,0.2,0.05,0.8,-NA-
28,-72.78571428571429,507.0,0.2,0.05,0.8,-NA-
29,-52.793103448275865,507.0,0.2,0.05,0.8,-NA-
30,-67.86666666666666,-505.0,0.2,0.05,0.8,-NA-
31,-82.16129032258064,-511.0,0.2,0.05,0.8,-NA-
32,-63.8125,505.0,0.2,0.05,0.8,-NA-
33,-46.60606060606061,504.0,0.2,0.05,0.8,-NA-
34,-30.323529411764707,507.0,0.2,0.05,0.8,-NA-
35,-44.0,-509.0,0.2,0.05,0.8,-NA-
36,-28.694444444444443,507.0,0.2,0.05,0.8,-NA-
37,-41.729729729729726,-511.0,0.2,0.05,0.8,-NA-
38,-27.31578947368421,506.0,0.2,0.05,0.8,-NA-
39,-39.56410256410256,-505.0,0.2,0.05,0.8,-NA-
40,-25.9,507.0,0.2,0.05,0.8,-NA-
41,-12.951219512195122,505.0,0.2,0.05,0.8,-NA-
42,-24.642857142857142,-504.0,0.2,0.05,0.8,-NA-
43,-12.465116279069768,499.0,0.2,0.05,0.8,-NA-
44,-23.636363636363637,-504.0,0.2,0.05,0.8,-NA-
45,-12.044444444444444,498.0,0.2,0.05,0.8,-NA-
46,-0.9347826086956522,499.0,0.2,0.05,0.8,-NA-
47,-11.638297872340425,-504.0,0.2,0.05,0.8,-NA-
48,-1.0833333333333333,495.0,0.2,0.05,0.8,-NA-
49,9.285714285714286,507.0,0.2,0.05,0.8,-NA-
50,19.0,495.0,0.2,0.05,0.8,-NA-
51,28.568627450980394,507.0,0.2,0.05,0.8,-NA-
52,18.28846153846154,-506.0,0.2,0.05,0.8,-NA-
53,8.433962264150944,-504.0,0.2,0.05,0.8,-NA-
54,-1.0555555555555556,-504.0,0.2,0.05,0.8,-NA-
55,8.036363636363637,499.0,0.2,0.05,0.8,-NA-
56,16.946428571428573,507.0,0.2,0.05,0.8,-NA-
57,25.50877192982456,505.0,0.2,0.05,0.8,-NA-
58,33.63793103448276,497.0,0.2,0.05,0.8,-NA-
59,24.508474576271187,-505.0,0.2,0.05,0.8,-NA-
60,32.516666666666666,505.0,0.2,0.05,0.8,-NA-
61,40.24590163934426,504.0,0.2,0.05,0.8,-NA-
62,47.774193548387096,507.0,0.2,0.05,0.8,-NA-
63,55.06349206349206,507.0,0.2,0.05,0.8,-NA-
64,62.0,499.0,0.2,0.05,0.8,-NA-
65,68.83076923076923,506.0,0.2,0.05,0.8,-NA-
66,75.28787878787878,495.0,0.2,0.05,0.8,-NA-
67,81.73134328358209,507.0,0.2,0.05,0.8,-NA-
68,87.80882352941177,495.0,0.2,0.05,0.8,-NA-
69,79.15942028985508,-509.0,0.2,0.05,0.8,-NA-
70,70.71428571428571,-512.0,0.2,0.05,0.8,-NA-
71,62.61971830985915,-504.0,0.2,0.05,0.8,-NA-
72,54.75,-504.0,0.2,0.05,0.8,-NA-
73,60.945205479452056,507.0,0.2,0.05,0.8,-NA-
74,66.97297297297297,507.0,0.2,0.05,0.8,-NA-
75,59.28,-510.0,0.2,0.05,0.8,-NA-
76,51.76315789473684,-512.0,0.2,0.05,0.8,-NA-
77,57.51948051948052,495.0,0.2,0.05,0.8,-NA-
78,63.243589743589745,504.0,0.2,0.05,0.8,-NA-
79,68.83544303797468,505.0,0.2,0.05,0.8,-NA-
80,61.675,-504.0,0.2,0.05,0.8,-NA-
81,54.60493827160494,-511.0,0.2,0.05,0.8,-NA-
82,47.73170731707317,-509.0,0.2,0.05,0.8,-NA-
83,53.265060240963855,507.0,0.2,0.05,0.8,-NA-
84,58.666666666666664,507.0,0.2,0.05,0.8,-NA-
85,63.94117647058823,507.0,0.2,0.05,0.8,-NA-
86,69.05813953488372,504.0,0.2,0.05,0.8,-NA-
87,74.0919540229885,507.0,0.2,0.05,0.8,-NA-
88,78.98863636363636,505.0,0.2,0.05,0.8,-NA-
89,83.66292134831461,495.0,0.2,0.05,0.8,-NA-
90,77.13333333333334,-504.0,0.2,0.05,0.8,-NA-
91,70.71428571428571,-507.0,0.2,0.05,0.8,-NA-
92,75.45652173913044,507.0,0.2,0.05,0.8,-NA-
93,79.96774193548387,495.0,0.2,0.05,0.8,-NA-
94,84.42553191489361,499.0,0.2,0.05,0.8,-NA-
95,88.78947368421052,499.0,0.2,0.05,0.8,-NA-
96,82.54166666666667,-511.0,0.2,0.05,0.8,-NA-
97,86.90721649484536,506.0,0.2,0.05,0.8,-NA-
98,91.1938775510204,507.0,0.2,0.05,0.8,-NA-
99,85.1919191919192,-503.0,0.2,0.05,0.8,-NA-
100,89.29,495.0,0.2,0.05,0.8,-NA-
101,93.34653465346534,499.0,0.2,0.05,0.8,-NA-
102,97.32352941176471,499.0,0.2,0.05,0.8,-NA-
103,91.48543689320388,-504.0,0.2,0.05,0.8,-NA-
104,95.47115384615384,506.0,0.2,0.05,0.8,-NA-
105,99.31428571428572,499.0,0.2,0.05,0.8,-NA-
106,103.06603773584905,497.0,0.2,0.05,0.8,-NA-
107,97.34579439252336,-509.0,0.2,0.05,0.8,-NA-
108,101.02777777777777,495.0,0.2,0.05,0.8,-NA-
109,104.75229357798165,507.0,0.2,0.05,0.8,-NA-
110,99.21818181818182,-504.0,0.2,0.05,0.8,-NA-
111,93.77477477477477,-505.0,0.2,0.05,0.8,-NA-
112,97.39285714285714,499.0,0.2,0.05,0.8,-NA-
113,100.94690265486726,499.0,0.2,0.05,0.8,-NA-
114,104.50877192982456,507.0,0.2,0.05,0.8,-NA-
115,99.20869565217392,-505.0,0.2,0.05,0.8,-NA-
116,102.64655172413794,498.0,0.2,0.05,0.8,-NA-
117,106.03418803418803,499.0,0.2,0.05,0.8,-NA-
118,100.86440677966101,-504.0,0.2,0.05,0.8,-NA-
119,104.17647058823529,495.0,0.2,0.05,0.8,-NA-
120,99.10833333333333,-504.0,0.2,0.05,0.8,-NA-
121,102.3801652892562,495.0,0.2,0.05,0.8,-NA-
122,105.68852459016394,506.0,0.2,0.05,0.8,-NA-
123,108.95121951219512,507.0,0.2,0.05,0.8,-NA-
124,103.93548387096774,-513.0,0.2,0.05,0.8,-NA-
125,107.16,507.0,0.2,0.05,0.8,-NA-
126,102.24603174603175,-512.0,0.2,0.05,0.8,-NA-
127,105.41732283464567,505.0,0.2,0.05,0.8,-NA-
128,100.65625,-504.0,0.2,0.05,0.8,-NA-
129,103.79069767441861,505.0,0.2,0.05,0.8,-NA-
130,99.04615384615384,-513.0,0.2,0.05,0.8,-NA-
131,102.16030534351145,507.0,0.2,0.05,0.8,-NA-
132,97.58333333333333,-502.0,0.2,0.05,0.8,-NA-
133,100.66165413533835,507.0,0.2,0.05,0.8,-NA-
134,103.63432835820896,499.0,0.2,0.05,0.8,-NA-
135,106.60740740740741,505.0,0.2,0.05,0.8,-NA-
136,109.55147058823529,507.0,0.2,0.05,0.8,-NA-
137,105.07299270072993,-504.0,0.2,0.05,0.8,-NA-
138,107.98550724637681,507.0,0.2,0.05,0.8,-NA-
139,103.56834532374101,-506.0,0.2,0.05,0.8,-NA-
140,106.39285714285714,499.0,0.2,0.05,0.8,-NA-
141,102.06382978723404,-504.0,0.2,0.05,0.8,-NA-
142,104.85211267605634,498.0,0.2,0.05,0.8,-NA-
143,107.66433566433567,507.0,0.2,0.05,0.8,-NA-
144,110.4375,507.0,0.2,0.05,0.8,-NA-
145,113.17241379310344,507.0,0.2,0.05,0.8,-NA-
146,108.89041095890411,-512.0,0.2,0.05,0.8,-NA-
147,104.6734693877551,-511.0,0.2,0.05,0.8,-NA-
148,100.5608108108108,-504.0,0.2,0.05,0.8,-NA-
149,103.23489932885906,499.0,0.2,0.05,0.8,-NA-
150,105.92666666666666,507.0,0.2,0.05,0.8,-NA-
151,108.56953642384106,505.0,0.2,0.05,0.8,-NA-
152,111.1907894736842,507.0,0.2,0.05,0.8,-NA-
153,113.77777777777777,507.0,0.2,0.05,0.8,-NA-
154,116.33116883116882,507.0,0.2,0.05,0.8,-NA-
155,118.83870967741936,505.0,0.2,0.05,0.8,-NA-
156,121.32692307692308,507.0,0.2,0.05,0.8,-NA-
157,123.77070063694268,505.0,0.2,0.05,0.8,-NA-
158,126.19620253164557,507.0,0.2,0.05,0.8,-NA-
159,128.57861635220127,505.0,0.2,0.05,0.8,-NA-
160,124.5625,-514.0,0.2,0.05,0.8,-NA-
161,126.88819875776397,499.0,0.2,0.05,0.8,-NA-
162,129.2283950617284,506.0,0.2,0.05,0.8,-NA-
163,131.53374233128835,505.0,0.2,0.05,0.8,-NA-
164,127.67682926829268,-501.0,0.2,0.05,0.8,-NA-
165,129.97575757575757,507.0,0.2,0.05,0.8,-NA-
166,132.19277108433735,498.0,0.2,0.05,0.8,-NA-
167,134.38922155688624,499.0,0.2,0.05,0.8,-NA-
168,130.58928571428572,-504.0,0.2,0.05,0.8,-NA-
169,132.81656804733728,507.0,0.2,0.05,0.8,-NA-
170,135.01764705882354,507.0,0.2,0.05,0.8,-NA-
171,131.2280701754386,-513.0,0.2,0.05,0.8,-NA-
172,133.34302325581396,495.0,0.2,0.05,0.8,-NA-
173,135.49132947976878,505.0,0.2,0.05,0.8,-NA-
174,137.55747126436782,495.0,0.2,0.05,0.8,-NA-
175,139.61142857142858,497.0,0.2,0.05,0.8,-NA-
176,141.6818181818182,504.0,0.2,0.05,0.8,-NA-
177,138.01694915254237,-507.0,0.2,0.05,0.8,-NA-
178,140.08988764044943,507.0,0.2,0.05,0.8,-NA-
179,142.0949720670391,499.0,0.2,0.05,0.8,-NA-
180,138.50555555555556,-504.0,0.2,0.05,0.8,-NA-
181,140.5414364640884,507.0,0.2,0.05,0.8,-NA-
182,137.0,-504.0,0.2,0.05,0.8,-NA-
183,139.01092896174865,505.0,0.2,0.05,0.8,-NA-
184,135.5,-507.0,0.2,0.05,0.8,-NA-
185,137.5081081081081,507.0,0.2,0.05,0.8,-NA-
186,134.05376344086022,-505.0,0.2,0.05,0.8,-NA-
187,130.63636363636363,-505.0,0.2,0.05,0.8,-NA-
188,127.27659574468085,-501.0,0.2,0.05,0.8,-NA-
189,123.93650793650794,-504.0,0.2,0.05,0.8,-NA-
190,125.9421052631579,505.0,0.2,0.05,0.8,-NA-
191,122.59162303664921,-514.0,0.2,0.05,0.8,-NA-
192,124.53125,495.0,0.2,0.05,0.8,-NA-
193,121.27461139896373,-504.0,0.2,0.05,0.8,-NA-
194,123.20103092783505,495.0,0.2,0.05,0.8,-NA-
195,125.1076923076923,495.0,0.2,0.05,0.8,-NA-
196,127.03571428571429,503.0,0.2,0.05,0.8,-NA-
197,128.96446700507613,507.0,0.2,0.05,0.8,-NA-
198,130.81313131313132,495.0,0.2,0.05,0.8,-NA-
199,132.66331658291458,499.0,0.2,0.05,0.8,-NA-
200,129.48,-504.0,0.2,0.05,0.8,-NA-
201,131.3582089552239,507.0,0.2,0.05,0.8,-NA-
202,133.21782178217822,507.0,0.2,0.05,0.8,-NA-
203,135.05418719211823,506.0,0.2,0.05,0.8,-NA-
204,131.90196078431373,-508.0,0.2,0.05,0.8,-NA-
205,128.8,-504.0,0.2,0.05,0.8,-NA-
206,125.72815533980582,-504.0,0.2,0.05,0.8,-NA-
207,127.57004830917874,507.0,0.2,0.05,0.8,-NA-
208,124.53365384615384,-504.0,0.2,0.05,0.8,-NA-
209,121.52631578947368,-504.0,0.2,0.05,0.8,-NA-
210,118.51428571428572,-511.0,0.2,0.05,0.8,-NA-
211,120.35545023696683,507.0,0.2,0.05,0.8,-NA-
212,117.41037735849056,-504.0,0.2,0.05,0.8,-NA-
213,114.47417840375587,-508.0,0.2,0.05,0.8,-NA-
214,116.30841121495327,507.0,0.2,0.05,0.8,-NA-
215,113.42325581395349,-504.0,0.2,0.05,0.8,-NA-
216,115.24537037037037,507.0,0.2,0.05,0.8,-NA-
217,112.35023041474655,-513.0,0.2,0.05,0.8,-NA-
218,114.16055045871559,507.0,0.2,0.05,0.8,-NA-
219,115.95433789954338,507.0,0.2,0.05,0.8,-NA-
220,113.15454545454546,-500.0,0.2,0.05,0.8,-NA-
221,114.9366515837104,507.0,0.2,0.05,0.8,-NA-
222,112.13513513513513,-507.0,0.2,0.05,0.8,-NA-
223,113.90134529147981,506.0,0.2,0.05,0.8,-NA-
224,111.14285714285714,-504.0,0.2,0.05,0.8,-NA-
225,108.4088888888889,-504.0,0.2,0.05,0.8,-NA-
226,110.1283185840708,497.0,0.2,0.05,0.8,-NA-
227,111.84140969162996,499.0,0.2,0.05,0.8,-NA-
228,109.14035087719299,-504.0,0.2,0.05,0.8,-NA-
229,106.4235807860262,-513.0,0.2,0.05,0.8,-NA-
230,108.15652173913044,505.0,0.2,0.05,0.8,-NA-
231,109.84848484848484,499.0,0.2,0.05,0.8,-NA-
232,111.5603448275862,507.0,0.2,0.05,0.8,-NA-
233,108.90557939914163,-507.0,0.2,0.05,0.8,-NA-
234,106.24786324786325,-513.0,0.2,0.05,0.8,-NA-
235,103.61276595744681,-513.0,0.2,0.05,0.8,-NA-
236,105.32203389830508,507.0,0.2,0.05,0.8,-NA-
237,106.96624472573839,495.0,0.2,0.05,0.8,-NA-
238,104.39915966386555,-504.0,0.2,0.05,0.8,-NA-
239,101.85355648535565,-504.0,0.2,0.05,0.8,-NA-
240,99.30833333333334,-509.0,0.2,0.05,0.8,-NA-
241,96.80082987551867,-505.0,0.2,0.05,0.8,-NA-
242,98.48347107438016,504.0,0.2,0.05,0.8,-NA-
243,100.16460905349794,507.0,0.2,0.05,0.8,-NA-
244,97.67622950819673,-507.0,0.2,0.05,0.8,-NA-
245,95.2204081632653,-504.0,0.2,0.05,0.8,-NA-
246,96.86178861788618,499.0,0.2,0.05,0.8,-NA-
247,98.48987854251013,499.0,0.2,0.05,0.8,-NA-
248,100.10483870967742,499.0,0.2,0.05,0.8,-NA-
249,101.73895582329317,507.0,0.2,0.05,0.8,-NA-
250,99.316,-504.0,0.2,0.05,0.8,-NA-
251,100.9402390438247,507.0,0.2,0.05,0.8,-NA-
252,98.53571428571429,-505.0,0.2,0.05,0.8,-NA-
253,100.13833992094861,504.0,0.2,0.05,0.8,-NA-
254,101.74015748031496,507.0,0.2,0.05,0.8,-NA-
255,103.31372549019608,503.0,0.2,0.05,0.8,-NA-
256,100.94140625,-504.0,0.2,0.05,0.8,-NA-
257,98.57198443579766,-508.0,0.2,0.05,0.8,-NA-
258,96.22093023255815,-508.0,0.2,0.05,0.8,-NA-
259,93.86100386100387,-515.0,0.2,0.05,0.8,-NA-
260,95.4423076923077,505.0,0.2,0.05,0.8,-NA-
261,97.01149425287356,505.0,0.2,0.05,0.8,-NA-
262,98.57251908396947,506.0,0.2,0.05,0.8,-NA-
263,100.1254752851711,507.0,0.2,0.05,0.8,-NA-
264,101.63636363636364,499.0,0.2,0.05,0.8,-NA-
265,103.16603773584906,507.0,0.2,0.05,0.8,-NA-
266,104.65413533834587,499.0,0.2,0.05,0.8,-NA-
267,106.11610486891385,495.0,0.2,0.05,0.8,-NA-
268,107.60820895522389,506.0,0.2,0.05,0.8,-NA-
269,109.05947955390334,498.0,0.2,0.05,0.8,-NA-
270,106.78888888888889,-504.0,0.2,0.05,0.8,-NA-
271,108.23616236162361,499.0,0.2,0.05,0.8,-NA-
272,109.67279411764706,499.0,0.2,0.05,0.8,-NA-
273,111.12454212454213,506.0,0.2,0.05,0.8,-NA-
274,112.56934306569343,507.0,0.2,0.05,0.8,-NA-
275,114.00363636363636,507.0,0.2,0.05,0.8,-NA-
276,115.42391304347827,506.0,0.2,0.05,0.8,-NA-
277,116.83754512635379,507.0,0.2,0.05,0.8,-NA-
278,114.60431654676259,-504.0,0.2,0.05,0.8,-NA-
279,115.9820788530466,499.0,0.2,0.05,0.8,-NA-
280,117.37857142857143,507.0,0.2,0.05,0.8,-NA-
281,118.75800711743773,505.0,0.2,0.05,0.8,-NA-
282,116.54964539007092,-504.0,0.2,0.05,0.8,-NA-
283,114.33922261484099,-509.0,0.2,0.05,0.8,-NA-
284,112.16197183098592,-504.0,0.2,0.05,0.8,-NA-
285,109.99298245614035,-506.0,0.2,0.05,0.8,-NA-
286,107.81818181818181,-512.0,0.2,0.05,0.8,-NA-
287,109.16724738675958,495.0,0.2,0.05,0.8,-NA-
288,107.03472222222223,-505.0,0.2,0.05,0.8,-NA-
289,104.88927335640139,-513.0,0.2,0.05,0.8,-NA-
290,106.27586206896552,507.0,0.2,0.05,0.8,-NA-
291,107.65292096219932,507.0,0.2,0.05,0.8,-NA-
292,105.55479452054794,-505.0,0.2,0.05,0.8,-NA-
293,106.92150170648465,506.0,0.2,0.05,0.8,-NA-
294,108.28231292517007,507.0,0.2,0.05,0.8,-NA-
295,106.20677966101695,-504.0,0.2,0.05,0.8,-NA-
296,104.14527027027027,-504.0,0.2,0.05,0.8,-NA-
297,105.46127946127946,495.0,0.2,0.05,0.8,-NA-
298,106.77852348993288,498.0,0.2,0.05,0.8,-NA-
299,104.73578595317726,-504.0,0.2,0.05,0.8,-NA-
300,106.05,499.0,0.2,0.05,0.8,-NA-
301,107.38205980066445,507.0,0.2,0.05,0.8,-NA-
302,108.67880794701986,499.0,0.2,0.05,0.8,-NA-
303,109.95379537953795,495.0,0.2,0.05,0.8,-NA-
304,107.9342105263158,-504.0,0.2,0.05,0.8,-NA-
305,109.20327868852459,495.0,0.2,0.05,0.8,-NA-
306,110.5,506.0,0.2,0.05,0.8,-NA-
307,111.76547231270358,499.0,0.2,0.05,0.8,-NA-
308,113.02272727272727,499.0,0.2,0.05,0.8,-NA-
309,114.28478964401295,503.0,0.2,0.05,0.8,-NA-
310,115.5516129032258,507.0,0.2,0.05,0.8,-NA-
311,116.81028938906752,507.0,0.2,0.05,0.8,-NA-
312,114.81089743589743,-507.0,0.2,0.05,0.8,-NA-
313,116.06389776357827,507.0,0.2,0.05,0.8,-NA-
314,117.30891719745223,507.0,0.2,0.05,0.8,-NA-
315,118.54603174603174,507.0,0.2,0.05,0.8,-NA-
316,119.7626582278481,503.0,0.2,0.05,0.8,-NA-
317,117.79495268138801,-504.0,0.2,0.05,0.8,-NA-
318,119.01886792452831,507.0,0.2,0.05,0.8,-NA-
319,120.23510971786834,507.0,0.2,0.05,0.8,-NA-
320,121.44375,507.0,0.2,0.05,0.8,-NA-
321,122.64485981308411,507.0,0.2,0.05,0.8,-NA-
322,120.69875776397515,-504.0,0.2,0.05,0.8,-NA-
323,118.76470588235294,-504.0,0.2,0.05,0.8,-NA-
324,119.96296296296296,507.0,0.2,0.05,0.8,-NA-
325,121.11692307692307,495.0,0.2,0.05,0.8,-NA-
326,122.30061349693251,507.0,0.2,0.05,0.8,-NA-
327,120.38532110091744,-504.0,0.2,0.05,0.8,-NA-
328,121.53658536585365,498.0,0.2,0.05,0.8,-NA-
329,119.6322188449848,-505.0,0.2,0.05,0.8,-NA-
330,120.78181818181818,499.0,0.2,0.05,0.8,-NA-
331,121.94259818731118,505.0,0.2,0.05,0.8,-NA-
332,120.05722891566265,-504.0,0.2,0.05,0.8,-NA-
333,121.18318318318319,495.0,0.2,0.05,0.8,-NA-
334,122.33532934131736,506.0,0.2,0.05,0.8,-NA-
335,123.45970149253732,499.0,0.2,0.05,0.8,-NA-
336,121.59821428571429,-502.0,0.2,0.05,0.8,-NA-
337,119.72700296735906,-509.0,0.2,0.05,0.8,-NA-
338,117.86686390532545,-509.0,0.2,0.05,0.8,-NA-
339,118.97935103244838,495.0,0.2,0.05,0.8,-NA-
340,120.09705882352941,499.0,0.2,0.05,0.8,-NA-
341,121.2316715542522,507.0,0.2,0.05,0.8,-NA-
342,122.33625730994152,499.0,0.2,0.05,0.8,-NA-
343,123.45772594752187,507.0,0.2,0.05,0.8,-NA-
344,124.54651162790698,498.0,0.2,0.05,0.8,-NA-
345,122.71304347826087,-508.0,0.2,0.05,0.8,-NA-
346,123.82369942196532,507.0,0.2,0.05,0.8,-NA-
347,124.90201729106629,498.0,0.2,0.05,0.8,-NA-
348,123.07471264367815,-511.0,0.2,0.05,0.8,-NA-
349,124.1461318051576,497.0,0.2,0.05,0.8,-NA-
350,125.20571428571428,495.0,0.2,0.05,0.8,-NA-
351,126.27350427350427,500.0,0.2,0.05,0.8,-NA-
352,127.33238636363636,499.0,0.2,0.05,0.8,-NA-
353,128.38526912181302,499.0,0.2,0.05,0.8,-NA-
354,129.454802259887,507.0,0.2,0.05,0.8,-NA-
355,127.67042253521127,-504.0,0.2,0.05,0.8,-NA-
356,125.89606741573034,-504.0,0.2,0.05,0.8,-NA-
357,124.13165266106442,-504.0,0.2,0.05,0.8,-NA-
358,122.37709497206704,-504.0,0.2,0.05,0.8,-NA-
359,120.63231197771587,-504.0,0.2,0.05,0.8,-NA-
360,121.68333333333334,499.0,0.2,0.05,0.8,-NA-
361,119.95013850415512,-504.0,0.2,0.05,0.8,-NA-
362,120.99723756906077,499.0,0.2,0.05,0.8,-NA-
363,119.26997245179064,-506.0,0.2,0.05,0.8,-NA-
364,117.56593406593407,-501.0,0.2,0.05,0.8,-NA-
365,115.86301369863014,-504.0,0.2,0.05,0.8,-NA-
366,114.16666666666667,-505.0,0.2,0.05,0.8,-NA-
367,115.23705722070845,507.0,0.2,0.05,0.8,-NA-
368,113.55434782608695,-504.0,0.2,0.05,0.8,-NA-
369,111.88075880758808,-504.0,0.2,0.05,0.8,-NA-
370,112.94864864864864,507.0,0.2,0.05,0.8,-NA-
371,111.28571428571429,-504.0,0.2,0.05,0.8,-NA-
372,109.6236559139785,-507.0,0.2,0.05,0.8,-NA-
373,110.68632707774799,506.0,0.2,0.05,0.8,-NA-
374,109.02673796791444,-510.0,0.2,0.05,0.8,-NA-
375,110.056,495.0,0.2,0.05,0.8,-NA-
376,111.11170212765957,507.0,0.2,0.05,0.8,-NA-
377,112.16180371352785,507.0,0.2,0.05,0.8,-NA-
378,113.1931216931217,502.0,0.2,0.05,0.8,-NA-
379,111.55936675461741,-506.0,0.2,0.05,0.8,-NA-
380,112.6,507.0,0.2,0.05,0.8,-NA-
381,110.98162729658793,-504.0,0.2,0.05,0.8,-NA-
382,112.01832460732984,507.0,0.2,0.05,0.8,-NA-
383,113.04699738903395,506.0,0.2,0.05,0.8,-NA-
384,114.0703125,506.0,0.2,0.05,0.8,-NA-
385,115.07012987012988,499.0,0.2,0.05,0.8,-NA-
386,116.06476683937824,499.0,0.2,0.05,0.8,-NA-
387,117.0749354005168,507.0,0.2,0.05,0.8,-NA-
388,115.47422680412372,-504.0,0.2,0.05,0.8,-NA-
389,113.87917737789203,-505.0,0.2,0.05,0.8,-NA-
390,112.2948717948718,-504.0,0.2,0.05,0.8,-NA-
391,113.28388746803068,499.0,0.2,0.05,0.8,-NA-
392,114.28571428571429,506.0,0.2,0.05,0.8,-NA-
393,112.72010178117048,-501.0,0.2,0.05,0.8,-NA-
394,111.1497461928934,-506.0,0.2,0.05,0.8,-NA-
395,112.13164556962025,499.0,0.2,0.05,0.8,-NA-
396,110.57575757575758,-504.0,0.2,0.05,0.8,-NA-
397,111.57430730478589,507.0,0.2,0.05,0.8,-NA-
398,112.56532663316582,506.0,0.2,0.05,0.8,-NA-
399,113.55388471177945,507.0,0.2,0.05,0.8,-NA-
400,114.5375,507.0,0.2,0.05,0.8,-NA-
401,115.49625935162095,499.0,0.2,0.05,0.8,-NA-
402,113.95522388059702,-504.0,0.2,0.05,0.8,-NA-
403,114.91066997518611,499.0,0.2,0.05,0.8,-NA-
404,113.37871287128714,-504.0,0.2,0.05,0.8,-NA-
405,114.34814814814816,506.0,0.2,0.05,0.8,-NA-
406,112.82512315270937,-504.0,0.2,0.05,0.8,-NA-
407,113.77395577395578,499.0,0.2,0.05,0.8,-NA-
408,112.25245098039215,-507.0,0.2,0.05,0.8,-NA-
409,110.74572127139365,-504.0,0.2,0.05,0.8,-NA-
410,111.69268292682926,499.0,0.2,0.05,0.8,-NA-
411,112.63503649635037,499.0,0.2,0.05,0.8,-NA-
412,113.5631067961165,495.0,0.2,0.05,0.8,-NA-
413,114.51089588377724,505.0,0.2,0.05,0.8,-NA-
414,115.45652173913044,506.0,0.2,0.05,0.8,-NA-
415,116.38072289156626,499.0,0.2,0.05,0.8,-NA-
416,117.31971153846153,507.0,0.2,0.05,0.8,-NA-
417,115.82973621103118,-504.0,0.2,0.05,0.8,-NA-
418,116.76076555023923,505.0,0.2,0.05,0.8,-NA-
419,117.69212410501193,507.0,0.2,0.05,0.8,-NA-
420,118.61666666666666,506.0,0.2,0.05,0.8,-NA-
421,117.12351543942992,-510.0,0.2,0.05,0.8,-NA-
422,118.02843601895735,499.0,0.2,0.05,0.8,-NA-
423,118.92434988179669,497.0,0.2,0.05,0.8,-NA-
424,119.83962264150944,507.0,0.2,0.05,0.8,-NA-
425,118.37176470588236,-504.0,0.2,0.05,0.8,-NA-
426,116.91079812206573,-504.0,0.2,0.05,0.8,-NA-
427,117.79625292740047,495.0,0.2,0.05,0.8,-NA-
428,118.70093457943925,505.0,0.2,0.05,0.8,-NA-
429,119.58741258741259,499.0,0.2,0.05,0.8,-NA-
430,118.13720930232559,-504.0,0.2,0.05,0.8,-NA-
431,116.69373549883991,-504.0,0.2,0.05,0.8,-NA-
432,117.59722222222223,507.0,0.2,0.05,0.8,-NA-
433,116.15704387990762,-506.0,0.2,0.05,0.8,-NA-
434,117.05760368663594,507.0,0.2,0.05,0.8,-NA-
435,115.62988505747127,-504.0,0.2,0.05,0.8,-NA-
436,114.20871559633028,-504.0,0.2,0.05,0.8,-NA-
437,115.08466819221968,497.0,0.2,0.05,0.8,-NA-
438,113.67123287671232,-504.0,0.2,0.05,0.8,-NA-
439,112.26195899772209,-505.0,0.2,0.05,0.8,-NA-
440,113.14090909090909,499.0,0.2,0.05,0.8,-NA-
441,111.74149659863946,-504.0,0.2,0.05,0.8,-NA-
442,112.63122171945702,505.0,0.2,0.05,0.8,-NA-
443,113.49435665914221,495.0,0.2,0.05,0.8,-NA-
444,114.38063063063063,507.0,0.2,0.05,0.8,-NA-
445,115.2629213483146,507.0,0.2,0.05,0.8,-NA-
446,116.11434977578476,495.0,0.2,0.05,0.8,-NA-
447,114.71364653243847,-510.0,0.2,0.05,0.8,-NA-
448,115.57142857142857,499.0,0.2,0.05,0.8,-NA-
449,116.44320712694878,507.0,0.2,0.05,0.8,-NA-
450,117.31111111111112,507.0,0.2,0.05,0.8,-NA-
451,118.15521064301552,498.0,0.2,0.05,0.8,-NA-
452,119.01548672566372,507.0,0.2,0.05,0.8,-NA-
453,119.8719646799117,507.0,0.2,0.05,0.8,-NA-
454,118.49779735682819,-504.0,0.2,0.05,0.8,-NA-
455,117.12967032967033,-504.0,0.2,0.05,0.8,-NA-
456,117.96710526315789,499.0,0.2,0.05,0.8,-NA-
457,118.79212253829321,495.0,0.2,0.05,0.8,-NA-
458,119.63973799126637,507.0,0.2,0.05,0.8,-NA-
459,120.48366013071896,507.0,0.2,0.05,0.8,-NA-
460,121.32391304347826,507.0,0.2,0.05,0.8,-NA-
461,122.14316702819957,499.0,0.2,0.05,0.8,-NA-
462,120.77705627705627,-509.0,0.2,0.05,0.8,-NA-
463,119.42764578833693,-504.0,0.2,0.05,0.8,-NA-
464,118.07543103448276,-508.0,0.2,0.05,0.8,-NA-
465,118.91182795698924,507.0,0.2,0.05,0.8,-NA-
466,117.57510729613733,-504.0,0.2,0.05,0.8,-NA-
467,118.39186295503212,499.0,0.2,0.05,0.8,-NA-
468,119.21581196581197,504.0,0.2,0.05,0.8,-NA-
469,117.88486140724947,-505.0,0.2,0.05,0.8,-NA-
470,118.7127659574468,507.0,0.2,0.05,0.8,-NA-
471,119.53715498938429,507.0,0.2,0.05,0.8,-NA-
472,120.35805084745763,507.0,0.2,0.05,0.8,-NA-
473,119.03805496828753,-504.0,0.2,0.05,0.8,-NA-
474,119.83122362869199,495.0,0.2,0.05,0.8,-NA-
475,120.64631578947369,507.0,0.2,0.05,0.8,-NA-
476,121.45588235294117,506.0,0.2,0.05,0.8,-NA-
477,122.25995807127883,505.0,0.2,0.05,0.8,-NA-
478,123.04811715481172,499.0,0.2,0.05,0.8,-NA-
479,123.84968684759916,507.0,0.2,0.05,0.8,-NA-
480,122.54166666666667,-504.0,0.2,0.05,0.8,-NA-
481,121.22037422037423,-513.0,0.2,0.05,0.8,-NA-
482,121.99585062240664,495.0,0.2,0.05,0.8,-NA-
483,122.77639751552795,499.0,0.2,0.05,0.8,-NA-
484,123.5702479338843,507.0,0.2,0.05,0.8,-NA-
485,124.34432989690721,499.0,0.2,0.05,0.8,-NA-
486,123.05144032921811,-504.0,0.2,0.05,0.8,-NA-
487,121.75770020533881,-507.0,0.2,0.05,0.8,-NA-
488,122.54713114754098,507.0,0.2,0.05,0.8,-NA-
489,121.25562372188139,-509.0,0.2,0.05,0.8,-NA-
490,119.9795918367347,-504.0,0.2,0.05,0.8,-NA-
491,120.76374745417515,505.0,0.2,0.05,0.8,-NA-
492,119.4959349593496,-503.0,0.2,0.05,0.8,-NA-
493,118.22312373225152,-508.0,0.2,0.05,0.8,-NA-
494,118.99392712550608,499.0,0.2,0.05,0.8,-NA-
495,119.77373737373738,505.0,0.2,0.05,0.8,-NA-
496,118.51612903225806,-504.0,0.2,0.05,0.8,-NA-
497,119.28169014084507,499.0,0.2,0.05,0.8,-NA-
498,118.0160642570281,-511.0,0.2,0.05,0.8,-NA-
499,116.76953907815631,-504.0,0.2,0.05,0.8,-NA-
500,117.534,499.0,0.2,0.05,0.8,-NA-
501,118.31137724550898,507.0,0.2,0.05,0.8,-NA-
502,119.08167330677291,505.0,0.2,0.05,0.8,-NA-
503,117.83101391650099,-510.0,0.2,0.05,0.8,-NA-
504,116.58730158730158,-509.0,0.2,0.05,0.8,-NA-
505,117.36039603960396,507.0,0.2,0.05,0.8,-NA-
506,118.1304347826087,507.0,0.2,0.05,0.8,-NA-
507,118.87968441814596,498.0,0.2,0.05,0.8,-NA-
508,119.64370078740157,507.0,0.2,0.05,0.8,-NA-
509,120.3811394891945,495.0,0.2,0.05,0.8,-NA-
510,119.15686274509804,-504.0,0.2,0.05,0.8,-NA-
511,119.91585127201566,507.0,0.2,0.05,0.8,-NA-
512,120.65625,499.0,0.2,0.05,0.8,-NA-
513,121.4074074074074,506.0,0.2,0.05,0.8,-NA-
514,120.19066147859922,-504.0,0.2,0.05,0.8,-NA-
515,118.97864077669902,-504.0,0.2,0.05,0.8,-NA-
516,117.76356589147287,-508.0,0.2,0.05,0.8,-NA-
517,118.5164410058027,507.0,0.2,0.05,0.8,-NA-
518,119.26640926640927,507.0,0.2,0.05,0.8,-NA-
519,119.9980732177264,499.0,0.2,0.05,0.8,-NA-
520,118.79807692307692,-504.0,0.2,0.05,0.8,-NA-
521,117.6046065259117,-503.0,0.2,0.05,0.8,-NA-
522,116.41379310344827,-504.0,0.2,0.05,0.8,-NA-
523,117.14531548757171,499.0,0.2,0.05,0.8,-NA-
524,117.8854961832061,505.0,0.2,0.05,0.8,-NA-
525,116.70095238095239,-504.0,0.2,0.05,0.8,-NA-
526,115.52091254752851,-504.0,0.2,0.05,0.8,-NA-
527,116.2618595825427,506.0,0.2,0.05,0.8,-NA-
528,117.00189393939394,507.0,0.2,0.05,0.8,-NA-
529,117.72400756143668,499.0,0.2,0.05,0.8,-NA-
530,116.55094339622642,-504.0,0.2,0.05,0.8,-NA-
531,117.28436911487759,506.0,0.2,0.05,0.8,-NA-
532,118.01315789473684,505.0,0.2,0.05,0.8,-NA-
533,118.7204502814259,495.0,0.2,0.05,0.8,-NA-
534,117.54868913857678,-507.0,0.2,0.05,0.8,-NA-
535,118.26168224299066,499.0,0.2,0.05,0.8,-NA-
536,118.98694029850746,507.0,0.2,0.05,0.8,-NA-
537,119.70949720670392,507.0,0.2,0.05,0.8,-NA-
538,118.55018587360595,-504.0,0.2,0.05,0.8,-NA-
539,119.2708719851577,507.0,0.2,0.05,0.8,-NA-
540,119.98518518518519,505.0,0.2,0.05,0.8,-NA-
541,118.8354898336414,-502.0,0.2,0.05,0.8,-NA-
542,119.55166051660517,507.0,0.2,0.05,0.8,-NA-
543,118.40331491712708,-504.0,0.2,0.05,0.8,-NA-
544,119.1158088235294,506.0,0.2,0.05,0.8,-NA-
545,119.8256880733945,506.0,0.2,0.05,0.8,-NA-
546,120.52014652014653,499.0,0.2,0.05,0.8,-NA-
547,119.37842778793419,-504.0,0.2,0.05,0.8,-NA-
548,120.08576642335767,507.0,0.2,0.05,0.8,-NA-
549,118.94899817850637,-504.0,0.2,0.05,0.8,-NA-
550,119.64,499.0,0.2,0.05,0.8,-NA-
551,120.33756805807623,504.0,0.2,0.05,0.8,-NA-
552,119.20652173913044,-504.0,0.2,0.05,0.8,-NA-
553,119.90235081374323,504.0,0.2,0.05,0.8,-NA-
554,120.57942238267148,495.0,0.2,0.05,0.8,-NA-
555,119.45045045045045,-506.0,0.2,0.05,0.8,-NA-
556,118.32913669064749,-504.0,0.2,0.05,0.8,-NA-
557,119.02333931777379,505.0,0.2,0.05,0.8,-NA-
558,119.71863799283155,507.0,0.2,0.05,0.8,-NA-
559,118.60286225402504,-504.0,0.2,0.05,0.8,-NA-
560,119.28214285714286,499.0,0.2,0.05,0.8,-NA-
561,118.1711229946524,-504.0,0.2,0.05,0.8,-NA-
562,117.06405693950178,-504.0,0.2,0.05,0.8,-NA-
563,117.7424511545293,499.0,0.2,0.05,0.8,-NA-
564,118.4290780141844,505.0,0.2,0.05,0.8,-NA-
565,117.31681415929204,-510.0,0.2,0.05,0.8,-NA-
566,116.20848056537102,-510.0,0.2,0.05,0.8,-NA-
567,116.88359788359789,499.0,0.2,0.05,0.8,-NA-
568,117.56866197183099,506.0,0.2,0.05,0.8,-NA-
569,118.2390158172232,499.0,0.2,0.05,0.8,-NA-
570,118.9,495.0,0.2,0.05,0.8,-NA-
571,117.80910683012259,-504.0,0.2,0.05,0.8,-NA-
572,118.48426573426573,504.0,0.2,0.05,0.8,-NA-
573,119.16230366492147,507.0,0.2,0.05,0.8,-NA-
574,118.07665505226481,-504.0,0.2,0.05,0.8,-NA-
575,116.98260869565217,-511.0,0.2,0.05,0.8,-NA-
576,117.64583333333333,499.0,0.2,0.05,0.8,-NA-
577,118.29982668977469,495.0,0.2,0.05,0.8,-NA-
578,118.97231833910034,507.0,0.2,0.05,0.8,-NA-
579,117.89637305699482,-504.0,0.2,0.05,0.8,-NA-
580,116.82413793103449,-504.0,0.2,0.05,0.8,-NA-
581,117.49569707401032,507.0,0.2,0.05,0.8,-NA-
582,116.4278350515464,-504.0,0.2,0.05,0.8,-NA-
583,115.36535162950257,-503.0,0.2,0.05,0.8,-NA-
584,116.03595890410959,507.0,0.2,0.05,0.8,-NA-
585,116.69059829059829,499.0,0.2,0.05,0.8,-NA-
586,117.33617747440273,495.0,0.2,0.05,0.8,-NA-
587,117.98637137989779,499.0,0.2,0.05,0.8,-NA-
588,116.91836734693878,-510.0,0.2,0.05,0.8,-NA-
589,117.58064516129032,507.0,0.2,0.05,0.8,-NA-
590,118.22033898305085,495.0,0.2,0.05,0.8,-NA-
591,118.87478849407783,505.0,0.2,0.05,0.8,-NA-
592,117.82263513513513,-504.0,0.2,0.05,0.8,-NA-
593,118.47554806070826,505.0,0.2,0.05,0.8,-NA-
594,119.11279461279462,497.0,0.2,0.05,0.8,-NA-
595,118.0655462184874,-504.0,0.2,0.05,0.8,-NA-
596,117.01174496644295,-510.0,0.2,0.05,0.8,-NA-
597,115.96147403685092,-510.0,0.2,0.05,0.8,-NA-
598,114.9247491638796,-504.0,0.2,0.05,0.8,-NA-
599,115.56594323873122,499.0,0.2,0.05,0.8,-NA-
600,114.525,-509.0,0.2,0.05,0.8,-NA-
601,113.49584026622296,-504.0,0.2,0.05,0.8,-NA-
602,112.4700996677741,-504.0,0.2,0.05,0.8,-NA-
603,113.12437810945273,507.0,0.2,0.05,0.8,-NA-
604,112.10099337748345,-505.0,0.2,0.05,0.8,-NA-
605,112.75371900826447,507.0,0.2,0.05,0.8,-NA-
606,111.73597359735973,-504.0,0.2,0.05,0.8,-NA-
607,112.37397034596376,499.0,0.2,0.05,0.8,-NA-
608,113.00986842105263,499.0,0.2,0.05,0.8,-NA-
609,113.63711001642037,495.0,0.2,0.05,0.8,-NA-
610,114.28196721311475,507.0,0.2,0.05,0.8,-NA-
611,114.91162029459902,499.0,0.2,0.05,0.8,-NA-
612,115.55228758169935,507.0,0.2,0.05,0.8,-NA-
613,114.52854812398043,-512.0,0.2,0.05,0.8,-NA-
614,115.15309446254072,498.0,0.2,0.05,0.8,-NA-
615,115.78373983739837,503.0,0.2,0.05,0.8,-NA-
616,116.41883116883118,507.0,0.2,0.05,0.8,-NA-
617,115.41329011345219,-504.0,0.2,0.05,0.8,-NA-
618,114.41100323624596,-504.0,0.2,0.05,0.8,-NA-
619,115.04361873990307,506.0,0.2,0.05,0.8,-NA-
620,114.03387096774193,-511.0,0.2,0.05,0.8,-NA-
621,113.03864734299516,-504.0,0.2,0.05,0.8,-NA-
622,112.03536977491962,-511.0,0.2,0.05,0.8,-NA-
623,112.65650080256822,499.0,0.2,0.05,0.8,-NA-
624,113.28525641025641,505.0,0.2,0.05,0.8,-NA-
625,112.2976,-504.0,0.2,0.05,0.8,-NA-
626,111.31309904153355,-504.0,0.2,0.05,0.8,-NA-
627,111.92503987240829,495.0,0.2,0.05,0.8,-NA-
628,112.52866242038216,491.0,0.2,0.05,0.8,-NA-
629,113.15580286168522,507.0,0.2,0.05,0.8,-NA-
630,113.76825396825397,499.0,0.2,0.05,0.8,-NA-
631,112.7892234548336,-504.0,0.2,0.05,0.8,-NA-
632,113.4129746835443,507.0,0.2,0.05,0.8,-NA-
633,112.44075829383887,-502.0,0.2,0.05,0.8,-NA-
634,113.04889589905363,498.0,0.2,0.05,0.8,-NA-
635,112.07086614173228,-508.0,0.2,0.05,0.8,-NA-
636,112.69182389937107,507.0,0.2,0.05,0.8,-NA-
637,113.29827315541601,499.0,0.2,0.05,0.8,-NA-
638,112.31504702194357,-514.0,0.2,0.05,0.8,-NA-
639,111.35524256651017,-501.0,0.2,0.05,0.8,-NA-
640,111.959375,498.0,0.2,0.05,0.8,-NA-
641,112.57410296411857,506.0,0.2,0.05,0.8,-NA-
642,113.18847352024922,507.0,0.2,0.05,0.8,-NA-
643,113.80093312597201,507.0,0.2,0.05,0.8,-NA-
644,114.39906832298136,499.0,0.2,0.05,0.8,-NA-
645,115.0077519379845,507.0,0.2,0.05,0.8,-NA-
646,115.59597523219814,495.0,0.2,0.05,0.8,-NA-
647,114.64142194744977,-502.0,0.2,0.05,0.8,-NA-
648,113.68672839506173,-504.0,0.2,0.05,0.8,-NA-
649,114.28967642526965,505.0,0.2,0.05,0.8,-NA-
650,114.87538461538462,495.0,0.2,0.05,0.8,-NA-
651,115.47619047619048,506.0,0.2,0.05,0.8,-NA-
652,116.07668711656441,507.0,0.2,0.05,0.8,-NA-
653,116.66921898928024,503.0,0.2,0.05,0.8,-NA-
654,117.24770642201835,495.0,0.2,0.05,0.8,-NA-
655,116.29160305343511,-509.0,0.2,0.05,0.8,-NA-
656,115.35060975609755,-501.0,0.2,0.05,0.8,-NA-
657,114.40791476407915,-504.0,0.2,0.05,0.8,-NA-
658,113.46504559270517,-506.0,0.2,0.05,0.8,-NA-
659,114.05007587253414,499.0,0.2,0.05,0.8,-NA-
660,114.63333333333334,499.0,0.2,0.05,0.8,-NA-
661,115.22390317700454,505.0,0.2,0.05,0.8,-NA-
662,115.81570996978851,507.0,0.2,0.05,0.8,-NA-
663,116.40422322775264,506.0,0.2,0.05,0.8,-NA-
664,115.4683734939759,-505.0,0.2,0.05,0.8,-NA-
665,116.05714285714286,507.0,0.2,0.05,0.8,-NA-
666,116.63063063063063,498.0,0.2,0.05,0.8,-NA-
667,117.21589205397301,507.0,0.2,0.05,0.8,-NA-
668,117.78443113772455,497.0,0.2,0.05,0.8,-NA-
669,118.34828101644246,495.0,0.2,0.05,0.8,-NA-
670,117.41940298507463,-504.0,0.2,0.05,0.8,-NA-
671,117.99105812220566,501.0,0.2,0.05,0.8,-NA-
672,117.05952380952381,-508.0,0.2,0.05,0.8,-NA-
673,117.63893016344726,507.0,0.2,0.05,0.8,-NA-
674,118.21661721068249,507.0,0.2,0.05,0.8,-NA-
675,118.7925925925926,507.0,0.2,0.05,0.8,-NA-
676,119.34763313609467,494.0,0.2,0.05,0.8,-NA-
677,119.92023633677991,507.0,0.2,0.05,0.8,-NA-
678,119.0,-504.0,0.2,0.05,0.8,-NA-
679,119.5699558173785,506.0,0.2,0.05,0.8,-NA-
680,120.13676470588236,505.0,0.2,0.05,0.8,-NA-
681,119.22026431718062,-504.0,0.2,0.05,0.8,-NA-
682,119.78885630498533,507.0,0.2,0.05,0.8,-NA-
683,120.35431918008784,506.0,0.2,0.05,0.8,-NA-
684,119.44152046783626,-504.0,0.2,0.05,0.8,-NA-
685,118.53138686131386,-504.0,0.2,0.05,0.8,-NA-
686,119.09475218658892,505.0,0.2,0.05,0.8,-NA-
687,118.1877729257642,-504.0,0.2,0.05,0.8,-NA-
688,118.75290697674419,507.0,0.2,0.05,0.8,-NA-
689,117.84905660377359,-504.0,0.2,0.05,0.8,-NA-
690,116.93478260869566,-513.0,0.2,0.05,0.8,-NA-
691,116.03617945007235,-504.0,0.2,0.05,0.8,-NA-
692,115.14017341040463,-504.0,0.2,0.05,0.8,-NA-
693,114.24531024531025,-505.0,0.2,0.05,0.8,-NA-
694,114.79971181556196,499.0,0.2,0.05,0.8,-NA-
695,113.90935251798561,-504.0,0.2,0.05,0.8,-NA-
696,114.47270114942529,506.0,0.2,0.05,0.8,-NA-
697,115.03299856527977,505.0,0.2,0.05,0.8,-NA-
698,115.5945558739255,507.0,0.2,0.05,0.8,-NA-
699,114.69527896995709,-513.0,0.2,0.05,0.8,-NA-
700,113.80142857142857,-511.0,0.2,0.05,0.8,-NA-
701,114.36091298145506,506.0,0.2,0.05,0.8,-NA-
702,114.9031339031339,495.0,0.2,0.05,0.8,-NA-
703,115.44381223328591,495.0,0.2,0.05,0.8,-NA-
704,115.99857954545455,506.0,0.2,0.05,0.8,-NA-
705,115.11914893617022,-504.0,0.2,0.05,0.8,-NA-
706,115.66147308781869,498.0,0.2,0.05,0.8,-NA-
707,116.21216407355021,505.0,0.2,0.05,0.8,-NA-
708,116.76412429378531,507.0,0.2,0.05,0.8,-NA-
709,117.30042313117066,497.0,0.2,0.05,0.8,-NA-
710,117.84929577464789,507.0,0.2,0.05,0.8,-NA-
711,118.39521800281294,506.0,0.2,0.05,0.8,-NA-
712,117.50842696629213,-513.0,0.2,0.05,0.8,-NA-
713,116.62692847124825,-511.0,0.2,0.05,0.8,-NA-
714,115.74509803921569,-513.0,0.2,0.05,0.8,-NA-
715,116.28111888111889,499.0,0.2,0.05,0.8,-NA-
716,115.41480446927375,-504.0,0.2,0.05,0.8,-NA-
717,115.9581589958159,505.0,0.2,0.05,0.8,-NA-
718,116.50278551532034,507.0,0.2,0.05,0.8,-NA-
719,117.03477051460362,499.0,0.2,0.05,0.8,-NA-
720,116.17222222222222,-504.0,0.2,0.05,0.8,-NA-
721,116.69764216366158,495.0,0.2,0.05,0.8,-NA-
722,115.8393351800554,-503.0,0.2,0.05,0.8,-NA-
723,116.37759336099585,505.0,0.2,0.05,0.8,-NA-
724,116.9060773480663,499.0,0.2,0.05,0.8,-NA-
725,117.42758620689655,495.0,0.2,0.05,0.8,-NA-
726,117.95867768595042,503.0,0.2,0.05,0.8,-NA-
727,117.10316368638239,-504.0,0.2,0.05,0.8,-NA-
728,117.63873626373626,507.0,0.2,0.05,0.8,-NA-
729,118.16872427983539,504.0,0.2,0.05,0.8,-NA-
730,118.68493150684931,495.0,0.2,0.05,0.8,-NA-
731,119.20519835841313,499.0,0.2,0.05,0.8,-NA-
732,119.73497267759562,507.0,0.2,0.05,0.8,-NA-
733,118.8731241473397,-512.0,0.2,0.05,0.8,-NA-
734,119.40054495912807,506.0,0.2,0.05,0.8,-NA-
735,119.91700680272109,499.0,0.2,0.05,0.8,-NA-
736,120.44021739130434,505.0,0.2,0.05,0.8,-NA-
737,119.58751696065129,-508.0,0.2,0.05,0.8,-NA-
738,120.11246612466125,507.0,0.2,0.05,0.8,-NA-
739,120.63599458728011,507.0,0.2,0.05,0.8,-NA-
740,121.15810810810811,507.0,0.2,0.05,0.8,-NA-
741,121.66666666666667,498.0,0.2,0.05,0.8,-NA-
742,120.8234501347709,-504.0,0.2,0.05,0.8,-NA-
743,119.97442799461642,-510.0,0.2,0.05,0.8,-NA-
744,120.49327956989248,506.0,0.2,0.05,0.8,-NA-
745,121.01208053691275,507.0,0.2,0.05,0.8,-NA-
746,121.51340482573727,495.0,0.2,0.05,0.8,-NA-
747,122.01338688085676,495.0,0.2,0.05,0.8,-NA-
748,122.51604278074866,498.0,0.2,0.05,0.8,-NA-
749,123.02937249666222,507.0,0.2,0.05,0.8,-NA-
750,122.18533333333333,-510.0,0.2,0.05,0.8,-NA-
751,122.69773635153129,507.0,0.2,0.05,0.8,-NA-
752,123.19813829787235,499.0,0.2,0.05,0.8,-NA-
753,123.70650730411687,506.0,0.2,0.05,0.8,-NA-
754,124.21485411140584,507.0,0.2,0.05,0.8,-NA-
755,124.71920529801325,505.0,0.2,0.05,0.8,-NA-
756,123.88756613756614,-504.0,0.2,0.05,0.8,-NA-
757,123.05812417437252,-504.0,0.2,0.05,0.8,-NA-
758,122.22955145118733,-505.0,0.2,0.05,0.8,-NA-
759,122.7364953886693,507.0,0.2,0.05,0.8,-NA-
760,123.23157894736842,499.0,0.2,0.05,0.8,-NA-
761,122.40341655716163,-507.0,0.2,0.05,0.8,-NA-
762,121.58136482939632,-504.0,0.2,0.05,0.8,-NA-
763,122.07601572739188,499.0,0.2,0.05,0.8,-NA-
764,121.25261780104712,-507.0,0.2,0.05,0.8,-NA-
765,121.74640522875816,499.0,0.2,0.05,0.8,-NA-
766,122.2467362924282,505.0,0.2,0.05,0.8,-NA-
767,122.73794002607562,499.0,0.2,0.05,0.8,-NA-
768,121.921875,-504.0,0.2,0.05,0.8,-NA-
769,121.10793237971392,-504.0,0.2,0.05,0.8,-NA-
770,121.5987012987013,499.0,0.2,0.05,0.8,-NA-
771,120.78728923476005,-504.0,0.2,0.05,0.8,-NA-
772,119.9779792746114,-504.0,0.2,0.05,0.8,-NA-
773,120.47865459249677,507.0,0.2,0.05,0.8,-NA-
774,119.66795865633075,-507.0,0.2,0.05,0.8,-NA-
775,120.16774193548387,507.0,0.2,0.05,0.8,-NA-
776,120.66623711340206,507.0,0.2,0.05,0.8,-NA-
777,119.85714285714286,-508.0,0.2,0.05,0.8,-NA-
778,120.35347043701799,506.0,0.2,0.05,0.8,-NA-
779,119.55070603337613,-505.0,0.2,0.05,0.8,-NA-
780,120.0474358974359,507.0,0.2,0.05,0.8,-NA-
781,120.5403329065301,505.0,0.2,0.05,0.8,-NA-
782,121.03452685421995,507.0,0.2,0.05,0.8,-NA-
783,121.51724137931035,499.0,0.2,0.05,0.8,-NA-
784,122.00892857142857,507.0,0.2,0.05,0.8,-NA-
785,122.48407643312102,495.0,0.2,0.05,0.8,-NA-
786,121.68702290076335,-504.0,0.2,0.05,0.8,-NA-
787,122.17662007623888,507.0,0.2,0.05,0.8,-NA-
788,122.66243654822335,505.0,0.2,0.05,0.8,-NA-
789,121.8681875792142,-504.0,0.2,0.05,0.8,-NA-
790,122.35443037974683,506.0,0.2,0.05,0.8,-NA-
791,121.551201011378,-513.0,0.2,0.05,0.8,-NA-
792,122.03661616161617,506.0,0.2,0.05,0.8,-NA-
793,121.24085750315258,-509.0,0.2,0.05,0.8,-NA-
794,120.44458438287154,-511.0,0.2,0.05,0.8,-NA-
795,120.92578616352202,503.0,0.2,0.05,0.8,-NA-
796,120.14070351758794,-504.0,0.2,0.05,0.8,-NA-
797,120.61606022584692,499.0,0.2,0.05,0.8,-NA-
798,119.83333333333333,-504.0,0.2,0.05,0.8,-NA-
799,119.04380475594493,-511.0,0.2,0.05,0.8,-NA-
800,119.5275,506.0,0.2,0.05,0.8,-NA-
801,118.7378277153558,-513.0,0.2,0.05,0.8,-NA-
802,117.95511221945137,-509.0,0.2,0.05,0.8,-NA-
803,117.18057285180574,-504.0,0.2,0.05,0.8,-NA-
804,117.65547263681592,499.0,0.2,0.05,0.8,-NA-
805,118.12919254658385,499.0,0.2,0.05,0.8,-NA-
806,118.61166253101737,507.0,0.2,0.05,0.8,-NA-
807,119.09169764560099,506.0,0.2,0.05,0.8,-NA-
808,119.56930693069307,505.0,0.2,0.05,0.8,-NA-
809,120.04820766378245,507.0,0.2,0.05,0.8,-NA-
810,119.27654320987655,-505.0,0.2,0.05,0.8,-NA-
811,119.74969173859432,503.0,0.2,0.05,0.8,-NA-
812,118.98152709359606,-504.0,0.2,0.05,0.8,-NA-
813,119.45879458794587,507.0,0.2,0.05,0.8,-NA-
814,118.6928746928747,-504.0,0.2,0.05,0.8,-NA-
815,119.15950920245399,499.0,0.2,0.05,0.8,-NA-
816,119.625,499.0,0.2,0.05,0.8,-NA-
817,120.09547123623011,504.0,0.2,0.05,0.8,-NA-
818,120.5635696821516,503.0,0.2,0.05,0.8,-NA-
819,119.79242979242979,-511.0,0.2,0.05,0.8,-NA-
820,120.26463414634146,507.0,0.2,0.05,0.8,-NA-
821,119.50426309378807,-504.0,0.2,0.05,0.8,-NA-
822,119.97566909975669,507.0,0.2,0.05,0.8,-NA-
823,119.21020656136088,-510.0,0.2,0.05,0.8,-NA-
824,119.67839805825243,505.0,0.2,0.05,0.8,-NA-
825,120.14787878787878,507.0,0.2,0.05,0.8,-NA-
826,120.6041162227603,497.0,0.2,0.05,0.8,-NA-
827,121.05683192261185,495.0,0.2,0.05,0.8,-NA-
828,121.52294685990339,507.0,0.2,0.05,0.8,-NA-
829,120.76477683956574,-507.0,0.2,0.05,0.8,-NA-
830,120.00361445783132,-511.0,0.2,0.05,0.8,-NA-
831,120.46931407942239,507.0,0.2,0.05,0.8,-NA-
832,120.91947115384616,495.0,0.2,0.05,0.8,-NA-
833,121.38295318127251,507.0,0.2,0.05,0.8,-NA-
834,121.8441247002398,506.0,0.2,0.05,0.8,-NA-
835,121.09461077844311,-504.0,0.2,0.05,0.8,-NA-
836,120.3468899521531,-504.0,0.2,0.05,0.8,-NA-
837,120.79928315412187,499.0,0.2,0.05,0.8,-NA-
838,121.24582338902148,495.0,0.2,0.05,0.8,-NA-
839,121.70441001191895,506.0,0.2,0.05,0.8,-NA-
840,122.16071428571429,505.0,0.2,0.05,0.8,-NA-
841,121.41617122473247,-504.0,0.2,0.05,0.8,-NA-
842,121.8646080760095,499.0,0.2,0.05,0.8,-NA-
843,122.31079478054566,498.0,0.2,0.05,0.8,-NA-
844,122.75710900473933,499.0,0.2,0.05,0.8,-NA-
845,121.99171597633136,-524.0,0.2,0.05,0.8,-NA-
846,122.43735224586288,499.0,0.2,0.05,0.8,-NA-
847,122.8913813459268,507.0,0.2,0.05,0.8,-NA-
848,123.34433962264151,507.0,0.2,0.05,0.8,-NA-
849,122.60541813898705,-504.0,0.2,0.05,0.8,-NA-
850,123.04823529411765,499.0,0.2,0.05,0.8,-NA-
851,123.49941245593419,507.0,0.2,0.05,0.8,-NA-
852,122.75352112676056,-512.0,0.2,0.05,0.8,-NA-
853,123.19460726846424,499.0,0.2,0.05,0.8,-NA-
854,123.64402810304449,507.0,0.2,0.05,0.8,-NA-
855,124.09239766081872,507.0,0.2,0.05,0.8,-NA-
856,123.35864485981308,-504.0,0.2,0.05,0.8,-NA-
857,123.80630105017502,507.0,0.2,0.05,0.8,-NA-
858,124.25058275058275,505.0,0.2,0.05,0.8,-NA-
859,124.69499417927823,506.0,0.2,0.05,0.8,-NA-
860,125.13953488372093,507.0,0.2,0.05,0.8,-NA-
861,125.58188153310104,506.0,0.2,0.05,0.8,-NA-
862,126.01508120649652,499.0,0.2,0.05,0.8,-NA-
863,126.45422943221321,505.0,0.2,0.05,0.8,-NA-
864,125.72453703703704,-504.0,0.2,0.05,0.8,-NA-
865,126.16531791907515,507.0,0.2,0.05,0.8,-NA-
866,126.594688221709,498.0,0.2,0.05,0.8,-NA-
867,127.02998846597463,504.0,0.2,0.05,0.8,-NA-
868,126.30299539170507,-504.0,0.2,0.05,0.8,-NA-
869,125.57422324510932,-507.0,0.2,0.05,0.8,-NA-
870,126.01149425287356,506.0,0.2,0.05,0.8,-NA-
871,125.28817451205511,-504.0,0.2,0.05,0.8,-NA-
872,125.71215596330275,495.0,0.2,0.05,0.8,-NA-
873,124.99083619702176,-504.0,0.2,0.05,0.8,-NA-
874,124.27116704805492,-504.0,0.2,0.05,0.8,-NA-
875,124.69942857142857,499.0,0.2,0.05,0.8,-NA-
876,125.13584474885845,507.0,0.2,0.05,0.8,-NA-
877,125.55986316989738,497.0,0.2,0.05,0.8,-NA-
878,125.99316628701594,506.0,0.2,0.05,0.8,-NA-
879,125.27189988623435,-508.0,0.2,0.05,0.8,-NA-
880,125.70568181818182,507.0,0.2,0.05,0.8,-NA-
881,124.99091940976163,-504.0,0.2,0.05,0.8,-NA-
882,125.42403628117914,507.0,0.2,0.05,0.8,-NA-
883,125.8471121177803,499.0,0.2,0.05,0.8,-NA-
884,126.27601809954751,505.0,0.2,0.05,0.8,-NA-
885,125.56384180790961,-504.0,0.2,0.05,0.8,-NA-
886,124.85327313769751,-504.0,0.2,0.05,0.8,-NA-
887,125.28410372040587,507.0,0.2,0.05,0.8,-NA-
888,125.71396396396396,507.0,0.2,0.05,0.8,-NA-
889,126.14285714285714,507.0,0.2,0.05,0.8,-NA-
890,126.57078651685393,507.0,0.2,0.05,0.8,-NA-
891,126.99775533108867,507.0,0.2,0.05,0.8,-NA-
892,127.41031390134529,495.0,0.2,0.05,0.8,-NA-
893,126.69876819708847,-508.0,0.2,0.05,0.8,-NA-
894,127.1241610738255,507.0,0.2,0.05,0.8,-NA-
895,126.41117318435754,-511.0,0.2,0.05,0.8,-NA-
896,126.82142857142857,494.0,0.2,0.05,0.8,-NA-
897,127.23634336677814,499.0,0.2,0.05,0.8,-NA-
898,127.65033407572383,499.0,0.2,0.05,0.8,-NA-
899,126.94549499443826,-506.0,0.2,0.05,0.8,-NA-
900,127.36777777777777,507.0,0.2,0.05,0.8,-NA-
901,127.78912319644839,507.0,0.2,0.05,0.8,-NA-
902,128.20066518847005,499.0,0.2,0.05,0.8,-NA-
903,127.49612403100775,-508.0,0.2,0.05,0.8,-NA-
904,127.91482300884955,506.0,0.2,0.05,0.8,-NA-
905,128.33370165745856,507.0,0.2,0.05,0.8,-NA-
906,128.73841059602648,495.0,0.2,0.05,0.8,-NA-
907,128.04079382579934,-504.0,0.2,0.05,0.8,-NA-
908,127.33700440528635,-511.0,0.2,0.05,0.8,-NA-
909,127.75467546754676,507.0,0.2,0.05,0.8,-NA-
910,128.16813186813187,504.0,0.2,0.05,0.8,-NA-
911,127.47200878155873,-506.0,0.2,0.05,0.8,-NA-
912,127.87609649122807,496.0,0.2,0.05,0.8,-NA-
913,127.17853231106243,-509.0,0.2,0.05,0.8,-NA-
914,127.58971553610503,503.0,0.2,0.05,0.8,-NA-
915,128.00218579234974,505.0,0.2,0.05,0.8,-NA-
916,128.40720524017468,499.0,0.2,0.05,0.8,-NA-
917,128.82006543075246,507.0,0.2,0.05,0.8,-NA-
918,129.22984749455338,505.0,0.2,0.05,0.8,-NA-
919,128.5310119695321,-513.0,0.2,0.05,0.8,-NA-
920,127.83369565217392,-513.0,0.2,0.05,0.8,-NA-
921,128.24538545059718,507.0,0.2,0.05,0.8,-NA-
922,128.6475054229935,499.0,0.2,0.05,0.8,-NA-
923,129.05742145178766,507.0,0.2,0.05,0.8,-NA-
924,129.46536796536796,506.0,0.2,0.05,0.8,-NA-
925,129.87135135135136,505.0,0.2,0.05,0.8,-NA-
926,130.27537796976242,504.0,0.2,0.05,0.8,-NA-
927,129.59115426105717,-504.0,0.2,0.05,0.8,-NA-
928,129.98922413793105,499.0,0.2,0.05,0.8,-NA-
929,130.38213132400432,495.0,0.2,0.05,0.8,-NA-
930,130.7763440860215,497.0,0.2,0.05,0.8,-NA-
931,130.09452201933405,-504.0,0.2,0.05,0.8,-NA-
932,130.49463519313304,503.0,0.2,0.05,0.8,-NA-
933,129.81886387995712,-500.0,0.2,0.05,0.8,-NA-
934,130.22269807280514,507.0,0.2,0.05,0.8,-NA-
935,130.62566844919786,507.0,0.2,0.05,0.8,-NA-
936,131.02777777777777,507.0,0.2,0.05,0.8,-NA-
937,131.42902881536818,507.0,0.2,0.05,0.8,-NA-
938,130.75479744136462,-501.0,0.2,0.05,0.8,-NA-
939,130.06922257720979,-513.0,0.2,0.05,0.8,-NA-
940,130.46808510638297,505.0,0.2,0.05,0.8,-NA-
941,129.79383634431457,-504.0,0.2,0.05,0.8,-NA-
942,130.18577494692144,499.0,0.2,0.05,0.8,-NA-
943,130.58536585365854,507.0,0.2,0.05,0.8,-NA-
944,129.91313559322035,-504.0,0.2,0.05,0.8,-NA-
945,129.24126984126985,-505.0,0.2,0.05,0.8,-NA-
946,129.6384778012685,505.0,0.2,0.05,0.8,-NA-
947,128.9598732840549,-513.0,0.2,0.05,0.8,-NA-
948,129.35864978902953,507.0,0.2,0.05,0.8,-NA-
949,129.75658587987354,507.0,0.2,0.05,0.8,-NA-
950,130.14526315789473,499.0,0.2,0.05,0.8,-NA-
951,129.46687697160883,-515.0,0.2,0.05,0.8,-NA-
952,129.86344537815125,507.0,0.2,0.05,0.8,-NA-
953,129.19832109129067,-504.0,0.2,0.05,0.8,-NA-
954,128.53459119496856,-504.0,0.2,0.05,0.8,-NA-
955,128.93089005235603,507.0,0.2,0.05,0.8,-NA-
956,129.31799163179917,499.0,0.2,0.05,0.8,-NA-
957,129.70323928944617,498.0,0.2,0.05,0.8,-NA-
958,130.08872651356992,499.0,0.2,0.05,0.8,-NA-
959,130.4723670490094,498.0,0.2,0.05,0.8,-NA-
960,130.86458333333334,507.0,0.2,0.05,0.8,-NA-
961,131.2559833506764,507.0,0.2,0.05,0.8,-NA-
962,131.64656964656965,507.0,0.2,0.05,0.8,-NA-
963,130.98442367601245,-506.0,0.2,0.05,0.8,-NA-
964,130.3246887966805,-505.0,0.2,0.05,0.8,-NA-
965,130.71502590673575,507.0,0.2,0.05,0.8,-NA-
966,131.09213250517598,495.0,0.2,0.05,0.8,-NA-
967,131.4725956566701,499.0,0.2,0.05,0.8,-NA-
968,131.85227272727272,499.0,0.2,0.05,0.8,-NA-
969,132.23942208462333,507.0,0.2,0.05,0.8,-NA-
970,132.61752577319587,499.0,0.2,0.05,0.8,-NA-
971,133.0010298661174,505.0,0.2,0.05,0.8,-NA-
972,133.37345679012347,495.0,0.2,0.05,0.8,-NA-
973,133.74922918807812,499.0,0.2,0.05,0.8,-NA-
974,133.0934291581109,-505.0,0.2,0.05,0.8,-NA-
975,133.47589743589742,506.0,0.2,0.05,0.8,-NA-
976,132.82274590163934,-504.0,0.2,0.05,0.8,-NA-
977,133.2057318321392,507.0,0.2,0.05,0.8,-NA-
978,133.5879345603272,507.0,0.2,0.05,0.8,-NA-
979,133.96016343207356,498.0,0.2,0.05,0.8,-NA-
980,134.33265306122448,499.0,0.2,0.05,0.8,-NA-
981,133.68195718654434,-504.0,0.2,0.05,0.8,-NA-
982,134.0621181262729,507.0,0.2,0.05,0.8,-NA-
983,134.43336724313326,499.0,0.2,0.05,0.8,-NA-
984,133.78353658536585,-505.0,0.2,0.05,0.8,-NA-
985,134.16243654822335,507.0,0.2,0.05,0.8,-NA-
986,134.54056795131845,507.0,0.2,0.05,0.8,-NA-
987,134.9098277608916,499.0,0.2,0.05,0.8,-NA-
988,134.26315789473685,-504.0,0.2,0.05,0.8,-NA-
989,134.64004044489383,507.0,0.2,0.05,0.8,-NA-
990,133.9929292929293,-506.0,0.2,0.05,0.8,-NA-
991,134.36125126135218,499.0,0.2,0.05,0.8,-NA-
992,134.73689516129033,507.0,0.2,0.05,0.8,-NA-
993,135.10372608257805,499.0,0.2,0.05,0.8,-NA-
994,134.45774647887325,-507.0,0.2,0.05,0.8,-NA-
995,133.81608040201004,-504.0,0.2,0.05,0.8,-NA-
996,133.17168674698794,-508.0,0.2,0.05,0.8,-NA-
997,132.52557673019058,-511.0,0.2,0.05,0.8,-NA-
998,131.8877755511022,-504.0,0.2,0.05,0.8,-NA-
999,132.26326326326327,507.0,0.2,0.05,0.8,-NA-
1000,132.635,504.0,0.2,0.05,0.8,-NA-
1001,131.999000999001,-504.0,0.2,0.05,0.8,-NA-
1002,132.36526946107784,499.0,0.2,0.05,0.8,-NA-
1003,131.7248255234297,-510.0,0.2,0.05,0.8,-NA-
1004,132.08964143426294,498.0,0.2,0.05,0.8,-NA-
1005,132.4547263681592,499.0,0.2,0.05,0.8,-NA-
1006,131.8220675944334,-504.0,0.2,0.05,0.8,-NA-
1007,132.19463753723932,507.0,0.2,0.05,0.8,-NA-
1008,131.56448412698413,-503.0,0.2,0.05,0.8,-NA-
1009,131.93657086223985,507.0,0.2,0.05,0.8,-NA-
1010,131.30693069306932,-504.0,0.2,0.05,0.8,-NA-
1011,130.675568743818,-507.0,0.2,0.05,0.8,-NA-
1012,131.0395256916996,499.0,0.2,0.05,0.8,-NA-
1013,131.4106614017769,507.0,0.2,0.05,0.8,-NA-
1014,131.77120315581854,497.0,0.2,0.05,0.8,-NA-
1015,132.13891625615764,505.0,0.2,0.05,0.8,-NA-
1016,132.50787401574803,507.0,0.2,0.05,0.8,-NA-
1017,132.85644051130777,487.0,0.2,0.05,0.8,-NA-
1018,132.2239685658153,-511.0,0.2,0.05,0.8,-NA-
1019,132.5917566241413,507.0,0.2,0.05,0.8,-NA-
1020,132.95098039215685,499.0,0.2,0.05,0.8,-NA-
1021,133.31733594515183,507.0,0.2,0.05,0.8,-NA-
1022,132.68982387475538,-508.0,0.2,0.05,0.8,-NA-
1023,132.0596285434995,-512.0,0.2,0.05,0.8,-NA-
1024,132.4248046875,506.0,0.2,0.05,0.8,-NA-
1025,131.79804878048782,-510.0,0.2,0.05,0.8,-NA-
1026,132.1588693957115,502.0,0.2,0.05,0.8,-NA-
1027,132.52190847127557,505.0,0.2,0.05,0.8,-NA-
1028,131.90272373540856,-504.0,0.2,0.05,0.8,-NA-
1029,131.28474246841594,-504.0,0.2,0.05,0.8,-NA-
1030,131.64174757281555,499.0,0.2,0.05,0.8,-NA-
1031,131.9980601357905,499.0,0.2,0.05,0.8,-NA-
1032,132.36143410852713,507.0,0.2,0.05,0.8,-NA-
1033,132.7241045498548,507.0,0.2,0.05,0.8,-NA-
1034,132.105415860735,-507.0,0.2,0.05,0.8,-NA-
1035,132.46666666666667,506.0,0.2,0.05,0.8,-NA-
1036,132.82625482625483,505.0,0.2,0.05,0.8,-NA-
1037,133.17936354869818,499.0,0.2,0.05,0.8,-NA-
1038,133.53853564547205,506.0,0.2,0.05,0.8,-NA-
1039,132.92492781520693,-504.0,0.2,0.05,0.8,-NA-
1040,132.3125,-504.0,0.2,0.05,0.8,-NA-
1041,132.66090297790586,495.0,0.2,0.05,0.8,-NA-
1042,132.04990403071017,-504.0,0.2,0.05,0.8,-NA-
1043,131.4352828379674,-509.0,0.2,0.05,0.8,-NA-
1044,130.82662835249042,-504.0,0.2,0.05,0.8,-NA-
1045,130.21913875598085,-504.0,0.2,0.05,0.8,-NA-
1046,129.61185468451242,-505.0,0.2,0.05,0.8,-NA-
1047,129.0066857688634,-504.0,0.2,0.05,0.8,-NA-
1048,129.36736641221373,507.0,0.2,0.05,0.8,-NA-
1049,129.72735938989513,507.0,0.2,0.05,0.8,-NA-
1050,130.07904761904763,499.0,0.2,0.05,0.8,-NA-
1051,130.43767840152236,507.0,0.2,0.05,0.8,-NA-
1052,129.82984790874525,-509.0,0.2,0.05,0.8,-NA-
1053,129.22792022792024,-504.0,0.2,0.05,0.8,-NA-
1054,129.57779886148006,498.0,0.2,0.05,0.8,-NA-
1055,129.92796208530805,499.0,0.2,0.05,0.8,-NA-
1056,130.27367424242425,495.0,0.2,0.05,0.8,-NA-
1057,130.61873226111638,495.0,0.2,0.05,0.8,-NA-
1058,130.97448015122873,507.0,0.2,0.05,0.8,-NA-
1059,131.31822474032106,495.0,0.2,0.05,0.8,-NA-
1060,131.67264150943396,507.0,0.2,0.05,0.8,-NA-
1061,131.07351555136663,-504.0,0.2,0.05,0.8,-NA-
1062,131.41619585687383,495.0,0.2,0.05,0.8,-NA-
1063,130.8184383819379,-504.0,0.2,0.05,0.8,-NA-
1064,131.16447368421052,499.0,0.2,0.05,0.8,-NA-
1065,130.56807511737088,-504.0,0.2,0.05,0.8,-NA-
1066,129.96810506566604,-509.0,0.2,0.05,0.8,-NA-
1067,130.31302717900655,498.0,0.2,0.05,0.8,-NA-
1068,130.66385767790263,505.0,0.2,0.05,0.8,-NA-
1069,131.00841908325538,499.0,0.2,0.05,0.8,-NA-
1070,130.40841121495328,-511.0,0.2,0.05,0.8,-NA-
1071,130.75256769374417,499.0,0.2,0.05,0.8,-NA-
1072,131.10167910447763,505.0,0.2,0.05,0.8,-NA-
1073,131.44082013047532,495.0,0.2,0.05,0.8,-NA-
1074,131.77932960893855,495.0,0.2,0.05,0.8,-NA-
1075,132.12558139534883,504.0,0.2,0.05,0.8,-NA-
1076,131.53345724907064,-505.0,0.2,0.05,0.8,-NA-
1077,131.8737233054782,498.0,0.2,0.05,0.8,-NA-
1078,132.2207792207792,506.0,0.2,0.05,0.8,-NA-
1079,131.62835959221502,-507.0,0.2,0.05,0.8,-NA-
1080,131.96481481481482,495.0,0.2,0.05,0.8,-NA-
1081,132.30342275670677,498.0,0.2,0.05,0.8,-NA-
1082,132.6497227356747,507.0,0.2,0.05,0.8,-NA-
1083,132.99445983379502,506.0,0.2,0.05,0.8,-NA-
1084,133.33948339483396,507.0,0.2,0.05,0.8,-NA-
1085,132.75207373271888,-504.0,0.2,0.05,0.8,-NA-
1086,133.08931860036833,499.0,0.2,0.05,0.8,-NA-
1087,133.43146274149035,505.0,0.2,0.05,0.8,-NA-
1088,133.76378676470588,495.0,0.2,0.05,0.8,-NA-
1089,134.1065197428834,507.0,0.2,0.05,0.8,-NA-
1090,134.43761467889908,495.0,0.2,0.05,0.8,-NA-
1091,134.77910174152154,507.0,0.2,0.05,0.8,-NA-
1092,135.11813186813185,505.0,0.2,0.05,0.8,-NA-
1093,135.45105215004574,499.0,0.2,0.05,0.8,-NA-
1094,135.79067641681903,507.0,0.2,0.05,0.8,-NA-
1095,136.12785388127853,505.0,0.2,0.05,0.8,-NA-
1096,136.4662408759124,507.0,0.2,0.05,0.8,-NA-
1097,136.79489516864174,497.0,0.2,0.05,0.8,-NA-
1098,137.13205828779599,507.0,0.2,0.05,0.8,-NA-
1099,137.46860782529572,507.0,0.2,0.05,0.8,-NA-
1100,137.80454545454546,507.0,0.2,0.05,0.8,-NA-
1101,138.12897366030882,495.0,0.2,0.05,0.8,-NA-
1102,137.54627949183302,-504.0,0.2,0.05,0.8,-NA-
1103,136.95648232094288,-513.0,0.2,0.05,0.8,-NA-
1104,137.28985507246378,505.0,0.2,0.05,0.8,-NA-
1105,137.61719457013575,499.0,0.2,0.05,0.8,-NA-
1106,137.94032549728752,495.0,0.2,0.05,0.8,-NA-
1107,138.27280939476063,506.0,0.2,0.05,0.8,-NA-
1108,138.60559566787003,507.0,0.2,0.05,0.8,-NA-
1109,138.92425608656447,492.0,0.2,0.05,0.8,-NA-
1110,139.24144144144145,491.0,0.2,0.05,0.8,-NA-
1111,139.56705670567058,501.0,0.2,0.05,0.8,-NA-
1112,138.98471223021582,-508.0,0.2,0.05,0.8,-NA-
1113,138.40790655884996,-503.0,0.2,0.05,0.8,-NA-
1114,138.73877917414723,507.0,0.2,0.05,0.8,-NA-
1115,138.1542600896861,-513.0,0.2,0.05,0.8,-NA-
1116,137.5779569892473,-505.0,0.2,0.05,0.8,-NA-
1117,137.00358102059087,-504.0,0.2,0.05,0.8,-NA-
1118,137.32737030411448,499.0,0.2,0.05,0.8,-NA-
1119,136.75424486148347,-504.0,0.2,0.05,0.8,-NA-
1120,136.17678571428573,-510.0,0.2,0.05,0.8,-NA-
1121,136.49955396966993,498.0,0.2,0.05,0.8,-NA-
1122,136.82976827094475,507.0,0.2,0.05,0.8,-NA-
1123,136.25912733748888,-504.0,0.2,0.05,0.8,-NA-
1124,136.58007117437722,497.0,0.2,0.05,0.8,-NA-
1125,136.90222222222224,499.0,0.2,0.05,0.8,-NA-
1126,137.23090586145648,507.0,0.2,0.05,0.8,-NA-
1127,136.66282165039928,-503.0,0.2,0.05,0.8,-NA-
1128,136.99113475177305,507.0,0.2,0.05,0.8,-NA-
1129,136.42338352524357,-504.0,0.2,0.05,0.8,-NA-
1130,136.75132743362832,507.0,0.2,0.05,0.8,-NA-
1131,136.1786030061892,-511.0,0.2,0.05,0.8,-NA-
1132,136.50618374558303,507.0,0.2,0.05,0.8,-NA-
1133,136.8261253309797,499.0,0.2,0.05,0.8,-NA-
1134,136.2610229276896,-504.0,0.2,0.05,0.8,-NA-
1135,136.58678414096917,506.0,0.2,0.05,0.8,-NA-
1136,136.02200704225353,-505.0,0.2,0.05,0.8,-NA-
1137,135.45910290237467,-504.0,0.2,0.05,0.8,-NA-
1138,135.7785588752197,499.0,0.2,0.05,0.8,-NA-
1139,135.21334503950834,-508.0,0.2,0.05,0.8,-NA-
1140,134.64736842105262,-510.0,0.2,0.05,0.8,-NA-
1141,134.97370727432076,507.0,0.2,0.05,0.8,-NA-
1142,135.29772329246936,505.0,0.2,0.05,0.8,-NA-
1143,135.61417322834646,497.0,0.2,0.05,0.8,-NA-
1144,135.05506993006992,-504.0,0.2,0.05,0.8,-NA-
1145,135.37991266375545,507.0,0.2,0.05,0.8,-NA-
1146,135.69284467713788,494.0,0.2,0.05,0.8,-NA-
1147,136.0095902353967,499.0,0.2,0.05,0.8,-NA-
1148,136.32229965156793,495.0,0.2,0.05,0.8,-NA-
1149,136.63707571801567,498.0,0.2,0.05,0.8,-NA-
1150,136.95913043478262,507.0,0.2,0.05,0.8,-NA-
1151,137.27367506516072,499.0,0.2,0.05,0.8,-NA-
1152,137.59461805555554,507.0,0.2,0.05,0.8,-NA-
1153,137.0338248048569,-509.0,0.2,0.05,0.8,-NA-
1154,137.35355285961873,506.0,0.2,0.05,0.8,-NA-
1155,137.67359307359308,507.0,0.2,0.05,0.8,-NA-
1156,137.99221453287197,506.0,0.2,0.05,0.8,-NA-
1157,138.30423509075194,499.0,0.2,0.05,0.8,-NA-
1158,138.61226252158895,495.0,0.2,0.05,0.8,-NA-
1159,138.92320966350303,499.0,0.2,0.05,0.8,-NA-
1160,139.23189655172413,497.0,0.2,0.05,0.8,-NA-
1161,139.54177433247202,499.0,0.2,0.05,0.8,-NA-
1162,138.9879518072289,-504.0,0.2,0.05,0.8,-NA-
1163,139.29406706792778,495.0,0.2,0.05,0.8,-NA-
1164,139.60309278350516,499.0,0.2,0.05,0.8,-NA-
1165,139.04549356223177,-510.0,0.2,0.05,0.8,-NA-
1166,139.35420240137222,499.0,0.2,0.05,0.8,-NA-
1167,139.662382176521,499.0,0.2,0.05,0.8,-NA-
1168,139.97003424657535,499.0,0.2,0.05,0.8,-NA-
1169,140.2737382378101,495.0,0.2,0.05,0.8,-NA-
1170,139.72307692307692,-504.0,0.2,0.05,0.8,-NA-
1171,139.17677198975235,-500.0,0.2,0.05,0.8,-NA-
1172,139.48976109215016,506.0,0.2,0.05,0.8,-NA-
1173,138.94117647058823,-504.0,0.2,0.05,0.8,-NA-
1174,138.38671209540033,-512.0,0.2,0.05,0.8,-NA-
1175,137.84,-504.0,0.2,0.05,0.8,-NA-
1176,137.28826530612244,-511.0,0.2,0.05,0.8,-NA-
1177,137.60237892948174,507.0,0.2,0.05,0.8,-NA-
1178,137.91595925297113,507.0,0.2,0.05,0.8,-NA-
1179,138.2273112807464,505.0,0.2,0.05,0.8,-NA-
1180,138.53983050847458,507.0,0.2,0.05,0.8,-NA-
1181,138.85097375105843,506.0,0.2,0.05,0.8,-NA-
1182,139.16074450084602,505.0,0.2,0.05,0.8,-NA-
1183,139.47168216398987,507.0,0.2,0.05,0.8,-NA-
1184,139.77195945945945,495.0,0.2,0.05,0.8,-NA-
1185,140.07510548523206,499.0,0.2,0.05,0.8,-NA-
1186,140.38279932546374,505.0,0.2,0.05,0.8,-NA-
1187,139.83993260320136,-504.0,0.2,0.05,0.8,-NA-
1188,140.14646464646464,504.0,0.2,0.05,0.8,-NA-
1189,139.60470984020185,-504.0,0.2,0.05,0.8,-NA-
1190,139.91176470588235,505.0,0.2,0.05,0.8,-NA-
1191,139.3711167086482,-504.0,0.2,0.05,0.8,-NA-
1192,138.83137583892616,-504.0,0.2,0.05,0.8,-NA-
1193,139.13830678960605,505.0,0.2,0.05,0.8,-NA-
1194,139.4463986599665,507.0,0.2,0.05,0.8,-NA-
1195,139.75397489539748,507.0,0.2,0.05,0.8,-NA-
1196,140.05351170568562,498.0,0.2,0.05,0.8,-NA-
1197,140.35839598997492,505.0,0.2,0.05,0.8,-NA-
1198,140.6644407345576,507.0,0.2,0.05,0.8,-NA-
1199,140.12677231025856,-504.0,0.2,0.05,0.8,-NA-
1200,140.43083333333334,505.0,0.2,0.05,0.8,-NA-
1201,139.89425478767694,-504.0,0.2,0.05,0.8,-NA-
1202,140.19217970049917,498.0,0.2,0.05,0.8,-NA-
1203,139.65669160432253,-504.0,0.2,0.05,0.8,-NA-
1204,139.12209302325581,-504.0,0.2,0.05,0.8,-NA-
1205,139.42655601659752,506.0,0.2,0.05,0.8,-NA-
1206,139.73134328358208,507.0,0.2,0.05,0.8,-NA-
1207,140.02899751449877,499.0,0.2,0.05,0.8,-NA-
1208,139.4958609271523,-504.0,0.2,0.05,0.8,-NA-
1209,139.79983457402813,507.0,0.2,0.05,0.8,-NA-
1210,140.101652892562,505.0,0.2,0.05,0.8,-NA-
1211,140.40462427745663,507.0,0.2,0.05,0.8,-NA-
1212,140.70709570957095,507.0,0.2,0.05,0.8,-NA-
1213,140.99917559769167,495.0,0.2,0.05,0.8,-NA-
1214,140.4678747940692,-504.0,0.2,0.05,0.8,-NA-
1215,140.76954732510288,507.0,0.2,0.05,0.8,-NA-
1216,141.07072368421052,507.0,0.2,0.05,0.8,-NA-
1217,141.3648315529992,499.0,0.2,0.05,0.8,-NA-
1218,141.6584564860427,499.0,0.2,0.05,0.8,-NA-
1219,141.95652173913044,505.0,0.2,0.05,0.8,-NA-
1220,142.25409836065575,505.0,0.2,0.05,0.8,-NA-
1221,142.55200655200656,506.0,0.2,0.05,0.8,-NA-
1222,142.018821603928,-509.0,0.2,0.05,0.8,-NA-
1223,142.3164349959117,506.0,0.2,0.05,0.8,-NA-
1224,142.6078431372549,499.0,0.2,0.05,0.8,-NA-
1225,142.905306122449,507.0,0.2,0.05,0.8,-NA-
1226,143.20065252854812,505.0,0.2,0.05,0.8,-NA-
1227,142.67400162999186,-503.0,0.2,0.05,0.8,-NA-
1228,142.97068403908796,507.0,0.2,0.05,0.8,-NA-
1229,143.26688364524003,507.0,0.2,0.05,0.8,-NA-
1230,143.56260162601626,507.0,0.2,0.05,0.8,-NA-
1231,143.85134037367993,499.0,0.2,0.05,0.8,-NA-
1232,144.13636363636363,495.0,0.2,0.05,0.8,-NA-
1233,144.43065693430657,507.0,0.2,0.05,0.8,-NA-
1234,144.71799027552674,499.0,0.2,0.05,0.8,-NA-
1235,145.01133603238867,507.0,0.2,0.05,0.8,-NA-
1236,144.48624595469255,-504.0,0.2,0.05,0.8,-NA-
1237,144.77768795472917,505.0,0.2,0.05,0.8,-NA-
1238,144.25363489499193,-504.0,0.2,0.05,0.8,-NA-
1239,143.73042776432607,-504.0,0.2,0.05,0.8,-NA-
1240,144.0233870967742,507.0,0.2,0.05,0.8,-NA-
1241,143.5020145044319,-503.0,0.2,0.05,0.8,-NA-
1242,142.98067632850243,-504.0,0.2,0.05,0.8,-NA-
1243,143.2670957361223,499.0,0.2,0.05,0.8,-NA-
1244,143.55144694533763,497.0,0.2,0.05,0.8,-NA-
1245,143.03132530120482,-504.0,0.2,0.05,0.8,-NA-
1246,142.51203852327447,-504.0,0.2,0.05,0.8,-NA-
1247,141.98636728147554,-513.0,0.2,0.05,0.8,-NA-
1248,141.46794871794873,-505.0,0.2,0.05,0.8,-NA-
1249,141.75980784627703,506.0,0.2,0.05,0.8,-NA-
1250,142.0456,499.0,0.2,0.05,0.8,-NA-
1251,142.33653077537969,506.0,0.2,0.05,0.8,-NA-
1252,142.62140575079871,499.0,0.2,0.05,0.8,-NA-
1253,142.9122106943336,507.0,0.2,0.05,0.8,-NA-
1254,142.3939393939394,-507.0,0.2,0.05,0.8,-NA-
1255,141.87091633466136,-514.0,0.2,0.05,0.8,-NA-
1256,142.16162420382165,507.0,0.2,0.05,0.8,-NA-
1257,142.45186953062847,507.0,0.2,0.05,0.8,-NA-
1258,141.93799682034975,-504.0,0.2,0.05,0.8,-NA-
1259,142.22795869737888,507.0,0.2,0.05,0.8,-NA-
1260,142.51666666666668,506.0,0.2,0.05,0.8,-NA-
1261,142.80570975416336,507.0,0.2,0.05,0.8,-NA-
1262,143.09429477020603,507.0,0.2,0.05,0.8,-NA-
1263,143.38242280285036,507.0,0.2,0.05,0.8,-NA-
1264,142.87025316455697,-504.0,0.2,0.05,0.8,-NA-
1265,143.15652173913043,505.0,0.2,0.05,0.8,-NA-
1266,143.4439178515008,507.0,0.2,0.05,0.8,-NA-
1267,143.73007103393843,506.0,0.2,0.05,0.8,-NA-
1268,144.0165615141956,507.0,0.2,0.05,0.8,-NA-
1269,144.30181245074863,506.0,0.2,0.05,0.8,-NA-
1270,144.58740157480315,507.0,0.2,0.05,0.8,-NA-
1271,144.07710464201415,-504.0,0.2,0.05,0.8,-NA-
1272,144.35298742138366,495.0,0.2,0.05,0.8,-NA-
1273,144.63786331500393,507.0,0.2,0.05,0.8,-NA-
1274,144.92229199372056,507.0,0.2,0.05,0.8,-NA-
1275,144.41333333333333,-504.0,0.2,0.05,0.8,-NA-
1276,144.69670846394985,506.0,0.2,0.05,0.8,-NA-
1277,144.9788566953798,505.0,0.2,0.05,0.8,-NA-
1278,145.2621283255086,507.0,0.2,0.05,0.8,-NA-
1279,145.54495699765442,507.0,0.2,0.05,0.8,-NA-
1280,145.82734375,507.0,0.2,0.05,0.8,-NA-
1281,146.10928961748633,507.0,0.2,0.05,0.8,-NA-
1282,145.59672386895477,-511.0,0.2,0.05,0.8,-NA-
1283,145.8768511301637,505.0,0.2,0.05,0.8,-NA-
1284,145.3652647975078,-511.0,0.2,0.05,0.8,-NA-
1285,145.64046692607005,499.0,0.2,0.05,0.8,-NA-
1286,145.1353032659409,-504.0,0.2,0.05,0.8,-NA-
1287,144.63092463092462,-504.0,0.2,0.05,0.8,-NA-
1288,144.12655279503105,-505.0,0.2,0.05,0.8,-NA-
1289,144.39875872769588,495.0,0.2,0.05,0.8,-NA-
1290,143.89612403100776,-504.0,0.2,0.05,0.8,-NA-
1291,144.1711851278079,499.0,0.2,0.05,0.8,-NA-
1292,144.45201238390092,507.0,0.2,0.05,0.8,-NA-
1293,143.9505027068832,-504.0,0.2,0.05,0.8,-NA-
1294,143.44976816074188,-504.0,0.2,0.05,0.8,-NA-
1295,143.72432432432433,499.0,0.2,0.05,0.8,-NA-
1296,144.0030864197531,505.0,0.2,0.05,0.8,-NA-
1297,143.50346954510408,-504.0,0.2,0.05,0.8,-NA-
1298,143.77734976887518,499.0,0.2,0.05,0.8,-NA-
1299,143.27251732101615,-512.0,0.2,0.05,0.8,-NA-
1300,142.77461538461537,-504.0,0.2,0.05,0.8,-NA-
1301,143.05457340507303,507.0,0.2,0.05,0.8,-NA-
1302,142.55376344086022,-509.0,0.2,0.05,0.8,-NA-
1303,142.83346124328472,507.0,0.2,0.05,0.8,-NA-
1304,142.33742331288343,-504.0,0.2,0.05,0.8,-NA-
1305,142.61072796934866,499.0,0.2,0.05,0.8,-NA-
1306,142.1156202143951,-504.0,0.2,0.05,0.8,-NA-
1307,141.61667941851567,-510.0,0.2,0.05,0.8,-NA-
1308,141.8960244648318,507.0,0.2,0.05,0.8,-NA-
1309,142.17417876241404,506.0,0.2,0.05,0.8,-NA-
1310,142.4435114503817,495.0,0.2,0.05,0.8,-NA-
1311,142.720823798627,506.0,0.2,0.05,0.8,-NA-
1312,142.9923780487805,499.0,0.2,0.05,0.8,-NA-
1313,143.26732673267327,504.0,0.2,0.05,0.8,-NA-
1314,143.5372907153729,498.0,0.2,0.05,0.8,-NA-
1315,143.80760456273765,499.0,0.2,0.05,0.8,-NA-
1316,143.31534954407294,-504.0,0.2,0.05,0.8,-NA-
1317,142.8238420652999,-504.0,0.2,0.05,0.8,-NA-
1318,143.09939301972685,506.0,0.2,0.05,0.8,-NA-
1319,142.6027293404094,-512.0,0.2,0.05,0.8,-NA-
1320,142.87878787878788,507.0,0.2,0.05,0.8,-NA-
1321,142.3890991672975,-504.0,0.2,0.05,0.8,-NA-
1322,142.66338880484116,505.0,0.2,0.05,0.8,-NA-
1323,142.17460317460316,-504.0,0.2,0.05,0.8,-NA-
1324,142.44939577039275,506.0,0.2,0.05,0.8,-NA-
1325,142.72150943396227,503.0,0.2,0.05,0.8,-NA-
1326,142.9947209653092,505.0,0.2,0.05,0.8,-NA-
1327,142.50565184626979,-506.0,0.2,0.05,0.8,-NA-
1328,142.77861445783134,505.0,0.2,0.05,0.8,-NA-
1329,142.29194883370957,-504.0,0.2,0.05,0.8,-NA-
1330,141.80375939849625,-507.0,0.2,0.05,0.8,-NA-
1331,142.07212622088656,499.0,0.2,0.05,0.8,-NA-
1332,141.5870870870871,-504.0,0.2,0.05,0.8,-NA-
1333,141.86121530382596,507.0,0.2,0.05,0.8,-NA-
1334,142.1319340329835,503.0,0.2,0.05,0.8,-NA-
1335,142.39850187265918,498.0,0.2,0.05,0.8,-NA-
1336,142.66541916167665,499.0,0.2,0.05,0.8,-NA-
1337,142.9371727748691,506.0,0.2,0.05,0.8,-NA-
1338,143.20029895366218,495.0,0.2,0.05,0.8,-NA-
1339,142.7162061239731,-505.0,0.2,0.05,0.8,-NA-
1340,142.9865671641791,505.0,0.2,0.05,0.8,-NA-
1341,143.2565249813572,505.0,0.2,0.05,0.8,-NA-
1342,143.51862891207153,495.0,0.2,0.05,0.8,-NA-
1343,143.78778853313477,505.0,0.2,0.05,0.8,-NA-
1344,143.30059523809524,-511.0,0.2,0.05,0.8,-NA-
1345,143.5710037174721,507.0,0.2,0.05,0.8,-NA-
1346,143.8410104011887,507.0,0.2,0.05,0.8,-NA-
1347,144.10987379361544,506.0,0.2,0.05,0.8,-NA-
1348,144.37314540059347,499.0,0.2,0.05,0.8,-NA-
1349,144.64195700518903,507.0,0.2,0.05,0.8,-NA-
1350,144.90962962962962,506.0,0.2,0.05,0.8,-NA-
1351,145.17764618800888,507.0,0.2,0.05,0.8,-NA-
1352,145.43934911242604,499.0,0.2,0.05,0.8,-NA-
1353,145.70509977827052,505.0,0.2,0.05,0.8,-NA-
1354,145.22525849335304,-504.0,0.2,0.05,0.8,-NA-
1355,144.74612546125462,-504.0,0.2,0.05,0.8,-NA-
1356,145.00737463126845,499.0,0.2,0.05,0.8,-NA-
1357,145.274134119381,507.0,0.2,0.05,0.8,-NA-
1358,145.54050073637703,507.0,0.2,0.05,0.8,-NA-
1359,145.80647534952172,507.0,0.2,0.05,0.8,-NA-
1360,145.32867647058825,-504.0,0.2,0.05,0.8,-NA-
1361,145.5841293166789,493.0,0.2,0.05,0.8,-NA-
1362,145.1071953010279,-504.0,0.2,0.05,0.8,-NA-
1363,144.6309611151871,-504.0,0.2,0.05,0.8,-NA-
1364,144.89076246334312,499.0,0.2,0.05,0.8,-NA-
1365,144.4124542124542,-508.0,0.2,0.05,0.8,-NA-
1366,144.67203513909223,499.0,0.2,0.05,0.8,-NA-
1367,144.92831016825164,495.0,0.2,0.05,0.8,-NA-
1368,145.19298245614036,507.0,0.2,0.05,0.8,-NA-
1369,145.4572680788897,507.0,0.2,0.05,0.8,-NA-
1370,144.98102189781022,-507.0,0.2,0.05,0.8,-NA-
1371,145.24507658643327,507.0,0.2,0.05,0.8,-NA-
1372,145.50291545189503,499.0,0.2,0.05,0.8,-NA-
1373,145.7647487254188,505.0,0.2,0.05,0.8,-NA-
1374,146.02620087336246,505.0,0.2,0.05,0.8,-NA-
1375,146.28727272727272,505.0,0.2,0.05,0.8,-NA-
1376,145.8139534883721,-505.0,0.2,0.05,0.8,-NA-
1377,146.0704429920116,499.0,0.2,0.05,0.8,-NA-
1378,146.3265602322206,499.0,0.2,0.05,0.8,-NA-
1379,146.5794053662074,495.0,0.2,0.05,0.8,-NA-
1380,146.84057971014494,507.0,0.2,0.05,0.8,-NA-
1381,147.1013758146271,507.0,0.2,0.05,0.8,-NA-
1382,146.6302460202605,-504.0,0.2,0.05,0.8,-NA-
1383,146.88503253796097,499.0,0.2,0.05,0.8,-NA-
1384,147.14450867052022,506.0,0.2,0.05,0.8,-NA-
1385,147.4028880866426,505.0,0.2,0.05,0.8,-NA-
1386,147.66233766233765,507.0,0.2,0.05,0.8,-NA-
1387,147.9156452775775,499.0,0.2,0.05,0.8,-NA-
1388,147.44020172910663,-512.0,0.2,0.05,0.8,-NA-
1389,147.699064074874,507.0,0.2,0.05,0.8,-NA-
1390,147.95179856115107,499.0,0.2,0.05,0.8,-NA-
1391,148.20992092020128,507.0,0.2,0.05,0.8,-NA-
1392,148.4619252873563,499.0,0.2,0.05,0.8,-NA-
1393,148.71069633883704,495.0,0.2,0.05,0.8,-NA-
1394,148.967718794835,507.0,0.2,0.05,0.8,-NA-
1395,149.22293906810035,505.0,0.2,0.05,0.8,-NA-
1396,149.47922636103152,507.0,0.2,0.05,0.8,-NA-
1397,149.73514674302075,507.0,0.2,0.05,0.8,-NA-
1398,149.9907010014306,507.0,0.2,0.05,0.8,-NA-
1399,149.52323087919942,-504.0,0.2,0.05,0.8,-NA-
1400,149.77857142857144,507.0,0.2,0.05,0.8,-NA-
1401,150.03354746609565,507.0,0.2,0.05,0.8,-NA-
1402,150.2824536376605,499.0,0.2,0.05,0.8,-NA-
1403,150.5367070563079,507.0,0.2,0.05,0.8,-NA-
1404,150.07051282051282,-504.0,0.2,0.05,0.8,-NA-
1405,150.3188612099644,499.0,0.2,0.05,0.8,-NA-
1406,150.57254623044096,507.0,0.2,0.05,0.8,-NA-
1407,150.10732054015637,-504.0,0.2,0.05,0.8,-NA-
1408,149.64204545454547,-505.0,0.2,0.05,0.8,-NA-
1409,149.89496096522356,506.0,0.2,0.05,0.8,-NA-
1410,149.43120567375885,-504.0,0.2,0.05,0.8,-NA-
1411,149.6846208362863,507.0,0.2,0.05,0.8,-NA-
1412,149.92917847025495,495.0,0.2,0.05,0.8,-NA-
1413,150.18188251946214,507.0,0.2,0.05,0.8,-NA-
1414,150.43352192362093,506.0,0.2,0.05,0.8,-NA-
1415,149.96466431095408,-513.0,0.2,0.05,0.8,-NA-
1416,150.2168079096045,507.0,0.2,0.05,0.8,-NA-
1417,150.46859562455893,507.0,0.2,0.05,0.8,-NA-
1418,150.7200282087447,507.0,0.2,0.05,0.8,-NA-
1419,150.25863284002818,-504.0,0.2,0.05,0.8,-NA-
1420,150.50915492957748,506.0,0.2,0.05,0.8,-NA-
1421,150.04855735397607,-504.0,0.2,0.05,0.8,-NA-
1422,149.58227848101265,-513.0,0.2,0.05,0.8,-NA-
1423,149.82782853127196,499.0,0.2,0.05,0.8,-NA-
1424,150.07865168539325,507.0,0.2,0.05,0.8,-NA-
1425,150.32771929824563,505.0,0.2,0.05,0.8,-NA-
1426,149.86886395511922,-504.0,0.2,0.05,0.8,-NA-
1427,149.41065171688857,-504.0,0.2,0.05,0.8,-NA-
1428,148.953081232493,-504.0,0.2,0.05,0.8,-NA-
1429,149.2036389083275,507.0,0.2,0.05,0.8,-NA-
1430,149.45314685314685,506.0,0.2,0.05,0.8,-NA-
1431,148.9937106918239,-508.0,0.2,0.05,0.8,-NA-
1432,149.24231843575419,505.0,0.2,0.05,0.8,-NA-
1433,149.4863921842289,499.0,0.2,0.05,0.8,-NA-
1434,149.73430962343096,505.0,0.2,0.05,0.8,-NA-
1435,149.98327526132405,507.0,0.2,0.05,0.8,-NA-
1436,149.52785515320335,-504.0,0.2,0.05,0.8,-NA-
1437,149.06750173973555,-512.0,0.2,0.05,0.8,-NA-
1438,148.61335187760778,-504.0,0.2,0.05,0.8,-NA-
1439,148.85684503127172,499.0,0.2,0.05,0.8,-NA-
1440,149.1,499.0,0.2,0.05,0.8,-NA-
1441,148.6412213740458,-512.0,0.2,0.05,0.8,-NA-
1442,148.88418862690708,499.0,0.2,0.05,0.8,-NA-
1443,149.12681912681913,499.0,0.2,0.05,0.8,-NA-
1444,149.36703601108033,496.0,0.2,0.05,0.8,-NA-
1445,149.61453287197233,507.0,0.2,0.05,0.8,-NA-
1446,149.85338865836792,495.0,0.2,0.05,0.8,-NA-
1447,149.3953006219765,-513.0,0.2,0.05,0.8,-NA-
1448,148.94406077348066,-504.0,0.2,0.05,0.8,-NA-
1449,149.18978605935126,505.0,0.2,0.05,0.8,-NA-
1450,149.43655172413793,507.0,0.2,0.05,0.8,-NA-
1451,148.98345968297727,-508.0,0.2,0.05,0.8,-NA-
1452,149.23002754820936,507.0,0.2,0.05,0.8,-NA-
1453,149.4762560220234,507.0,0.2,0.05,0.8,-NA-
1454,149.02475928473177,-507.0,0.2,0.05,0.8,-NA-
1455,149.2701030927835,506.0,0.2,0.05,0.8,-NA-
1456,149.50755494505495,495.0,0.2,0.05,0.8,-NA-
1457,149.74468085106383,495.0,0.2,0.05,0.8,-NA-
1458,149.2949245541838,-506.0,0.2,0.05,0.8,-NA-
1459,149.53941055517478,506.0,0.2,0.05,0.8,-NA-
1460,149.09109589041097,-505.0,0.2,0.05,0.8,-NA-
1461,149.33607118412047,507.0,0.2,0.05,0.8,-NA-
1462,149.58071135430916,507.0,0.2,0.05,0.8,-NA-
1463,149.82365003417635,505.0,0.2,0.05,0.8,-NA-
1464,150.06762295081967,507.0,0.2,0.05,0.8,-NA-
1465,149.6184300341297,-508.0,0.2,0.05,0.8,-NA-
1466,149.86221009549794,507.0,0.2,0.05,0.8,-NA-
1467,150.0974778459441,495.0,0.2,0.05,0.8,-NA-
1468,150.3324250681199,495.0,0.2,0.05,0.8,-NA-
1469,150.57385976855002,505.0,0.2,0.05,0.8,-NA-
1470,150.80816326530612,495.0,0.2,0.05,0.8,-NA-
1471,151.050305914344,507.0,0.2,0.05,0.8,-NA-
1472,151.29008152173913,504.0,0.2,0.05,0.8,-NA-
1473,151.52342158859472,495.0,0.2,0.05,0.8,-NA-
1474,151.76458616010854,507.0,0.2,0.05,0.8,-NA-
1475,152.0,499.0,0.2,0.05,0.8,-NA-
1476,151.55555555555554,-504.0,0.2,0.05,0.8,-NA-
1477,151.7962085308057,507.0,0.2,0.05,0.8,-NA-
1478,151.34979702300407,-508.0,0.2,0.05,0.8,-NA-
1479,151.59026369168356,507.0,0.2,0.05,0.8,-NA-
1480,151.8304054054054,507.0,0.2,0.05,0.8,-NA-
1481,152.0702228224173,507.0,0.2,0.05,0.8,-NA-
1482,152.30431848852902,499.0,0.2,0.05,0.8,-NA-
1483,151.86176668914362,-504.0,0.2,0.05,0.8,-NA-
1484,152.0956873315364,499.0,0.2,0.05,0.8,-NA-
1485,152.33468013468013,507.0,0.2,0.05,0.8,-NA-
1486,152.5679676985195,499.0,0.2,0.05,0.8,-NA-
1487,152.1217215870881,-511.0,0.2,0.05,0.8,-NA-
1488,152.36021505376345,507.0,0.2,0.05,0.8,-NA-
1489,151.9194089993284,-504.0,0.2,0.05,0.8,-NA-
1490,152.15771812080536,507.0,0.2,0.05,0.8,-NA-
1491,152.39570757880617,507.0,0.2,0.05,0.8,-NA-
1492,152.62533512064343,495.0,0.2,0.05,0.8,-NA-
1493,152.18553248492967,-504.0,0.2,0.05,0.8,-NA-
1494,152.42302543507364,507.0,0.2,0.05,0.8,-NA-
1495,152.65886287625418,505.0,0.2,0.05,0.8,-NA-
1496,152.21991978609626,-504.0,0.2,0.05,0.8,-NA-
1497,152.4569138276553,507.0,0.2,0.05,0.8,-NA-
1498,152.01802403204272,-505.0,0.2,0.05,0.8,-NA-
1499,152.25483655770515,507.0,0.2,0.05,0.8,-NA-
1500,152.49133333333333,507.0,0.2,0.05,0.8,-NA-
1501,152.72085276482346,497.0,0.2,0.05,0.8,-NA-
1502,152.2856191744341,-501.0,0.2,0.05,0.8,-NA-
1503,151.84564204923487,-509.0,0.2,0.05,0.8,-NA-
1504,152.0817819148936,507.0,0.2,0.05,0.8,-NA-
1505,151.64584717607974,-504.0,0.2,0.05,0.8,-NA-
1506,151.87583001328022,498.0,0.2,0.05,0.8,-NA-
1507,152.1114797611148,507.0,0.2,0.05,0.8,-NA-
1508,152.34681697612731,507.0,0.2,0.05,0.8,-NA-
1509,152.5818422796554,507.0,0.2,0.05,0.8,-NA-
1510,152.80993377483443,497.0,0.2,0.05,0.8,-NA-
1511,153.0443414956982,507.0,0.2,0.05,0.8,-NA-
1512,153.27314814814815,499.0,0.2,0.05,0.8,-NA-
1513,153.50165234633178,499.0,0.2,0.05,0.8,-NA-
1514,153.72985468956406,499.0,0.2,0.05,0.8,-NA-
1515,153.2957095709571,-504.0,0.2,0.05,0.8,-NA-
1516,153.5211081794195,495.0,0.2,0.05,0.8,-NA-
1517,153.08635464733027,-506.0,0.2,0.05,0.8,-NA-
1518,153.31422924901185,499.0,0.2,0.05,0.8,-NA-
1519,153.54509545753785,504.0,0.2,0.05,0.8,-NA-
1520,153.11118421052632,-506.0,0.2,0.05,0.8,-NA-
1521,153.3385930309007,499.0,0.2,0.05,0.8,-NA-
1522,152.90275952693824,-510.0,0.2,0.05,0.8,-NA-
1523,153.13394615889692,505.0,0.2,0.05,0.8,-NA-
1524,153.36023622047244,498.0,0.2,0.05,0.8,-NA-
1525,152.92918032786886,-504.0,0.2,0.05,0.8,-NA-
1526,153.16120576671037,507.0,0.2,0.05,0.8,-NA-
1527,153.39292730844792,507.0,0.2,0.05,0.8,-NA-
1528,153.61910994764398,499.0,0.2,0.05,0.8,-NA-
1529,153.1890124264225,-504.0,0.2,0.05,0.8,-NA-
1530,153.4124183006536,495.0,0.2,0.05,0.8,-NA-
1531,152.98040496407577,-508.0,0.2,0.05,0.8,-NA-
1532,153.21148825065274,507.0,0.2,0.05,0.8,-NA-
1533,152.78277886497065,-504.0,0.2,0.05,0.8,-NA-
1534,152.35462842242504,-504.0,0.2,0.05,0.8,-NA-
1535,152.585667752443,507.0,0.2,0.05,0.8,-NA-
1536,152.81640625,507.0,0.2,0.05,0.8,-NA-
1537,153.0416395575797,499.0,0.2,0.05,0.8,-NA-
1538,153.26918075422626,503.0,0.2,0.05,0.8,-NA-
1539,153.49252761533464,497.0,0.2,0.05,0.8,-NA-
1540,153.72207792207791,507.0,0.2,0.05,0.8,-NA-
1541,153.28942245295264,-513.0,0.2,0.05,0.8,-NA-
1542,153.5136186770428,499.0,0.2,0.05,0.8,-NA-
1543,153.74270900842515,507.0,0.2,0.05,0.8,-NA-
1544,153.31865284974094,-501.0,0.2,0.05,0.8,-NA-
1545,153.54563106796115,504.0,0.2,0.05,0.8,-NA-
1546,153.76843467011642,498.0,0.2,0.05,0.8,-NA-
1547,153.34324499030382,-504.0,0.2,0.05,0.8,-NA-
1548,153.57041343669252,505.0,0.2,0.05,0.8,-NA-
1549,153.14138153647514,-511.0,0.2,0.05,0.8,-NA-
1550,152.71290322580646,-511.0,0.2,0.05,0.8,-NA-
1551,152.94068343004514,506.0,0.2,0.05,0.8,-NA-
1552,153.16881443298968,507.0,0.2,0.05,0.8,-NA-
1553,152.7398583386993,-513.0,0.2,0.05,0.8,-NA-
1554,152.96653796653797,505.0,0.2,0.05,0.8,-NA-
1555,152.54019292604502,-510.0,0.2,0.05,0.8,-NA-
1556,152.76542416452443,503.0,0.2,0.05,0.8,-NA-
1557,152.9877970456005,499.0,0.2,0.05,0.8,-NA-
1558,152.56482670089858,-506.0,0.2,0.05,0.8,-NA-
1559,152.14560615779345,-501.0,0.2,0.05,0.8,-NA-
1560,152.37307692307692,507.0,0.2,0.05,0.8,-NA-
1561,151.95259449071108,-504.0,0.2,0.05,0.8,-NA-
1562,152.17349551856594,497.0,0.2,0.05,0.8,-NA-
1563,151.75111964171464,-508.0,0.2,0.05,0.8,-NA-
1564,151.33184143222508,-504.0,0.2,0.05,0.8,-NA-
1565,150.91309904153354,-504.0,0.2,0.05,0.8,-NA-
1566,150.49425287356323,-505.0,0.2,0.05,0.8,-NA-
1567,150.07338864071474,-509.0,0.2,0.05,0.8,-NA-
1568,149.65178571428572,-511.0,0.2,0.05,0.8,-NA-
1569,149.87444231994903,499.0,0.2,0.05,0.8,-NA-
1570,150.0968152866242,499.0,0.2,0.05,0.8,-NA-
1571,150.32399745385106,507.0,0.2,0.05,0.8,-NA-
1572,150.54580152671755,499.0,0.2,0.05,0.8,-NA-
1573,150.12587412587413,-510.0,0.2,0.05,0.8,-NA-
1574,150.35260482846252,507.0,0.2,0.05,0.8,-NA-
1575,150.57904761904763,507.0,0.2,0.05,0.8,-NA-
1576,150.8052030456853,507.0,0.2,0.05,0.8,-NA-
1577,150.38998097653774,-504.0,0.2,0.05,0.8,-NA-
1578,150.61596958174906,507.0,0.2,0.05,0.8,-NA-
1579,150.84040531982268,505.0,0.2,0.05,0.8,-NA-
1580,151.06582278481014,507.0,0.2,0.05,0.8,-NA-
1581,151.2896900695762,505.0,0.2,0.05,0.8,-NA-
1582,150.87294563843236,-508.0,0.2,0.05,0.8,-NA-
1583,151.09665192672142,505.0,0.2,0.05,0.8,-NA-
1584,151.31502525252526,497.0,0.2,0.05,0.8,-NA-
1585,151.53943217665616,507.0,0.2,0.05,0.8,-NA-
1586,151.12610340479193,-504.0,0.2,0.05,0.8,-NA-
1587,151.34278512917453,495.0,0.2,0.05,0.8,-NA-
1588,150.92884130982367,-506.0,0.2,0.05,0.8,-NA-
1589,150.51478917558214,-507.0,0.2,0.05,0.8,-NA-
1590,150.73270440251574,497.0,0.2,0.05,0.8,-NA-
1591,150.32118164676305,-504.0,0.2,0.05,0.8,-NA-
1592,150.54334170854273,504.0,0.2,0.05,0.8,-NA-
1593,150.76459510357816,503.0,0.2,0.05,0.8,-NA-
1594,150.98557089084065,503.0,0.2,0.05,0.8,-NA-
1595,150.5730407523511,-507.0,0.2,0.05,0.8,-NA-
1596,150.15914786967417,-510.0,0.2,0.05,0.8,-NA-
1597,149.7482780212899,-506.0,0.2,0.05,0.8,-NA-
1598,149.33917396745932,-504.0,0.2,0.05,0.8,-NA-
1599,148.93058161350845,-504.0,0.2,0.05,0.8,-NA-
1600,148.5225,-504.0,0.2,0.05,0.8,-NA-
1601,148.74578388507183,506.0,0.2,0.05,0.8,-NA-
1602,148.33645443196005,-507.0,0.2,0.05,0.8,-NA-
1603,148.5577043044292,503.0,0.2,0.05,0.8,-NA-
1604,148.77618453865335,499.0,0.2,0.05,0.8,-NA-
1605,148.99376947040497,498.0,0.2,0.05,0.8,-NA-
1606,148.58717310087172,-504.0,0.2,0.05,0.8,-NA-
1607,148.80273802115744,495.0,0.2,0.05,0.8,-NA-
1608,148.39676616915423,-504.0,0.2,0.05,0.8,-NA-
1609,147.99129894344313,-504.0,0.2,0.05,0.8,-NA-
1610,147.5863354037267,-504.0,0.2,0.05,0.8,-NA-
1611,147.1818746120422,-504.0,0.2,0.05,0.8,-NA-
1612,147.40384615384616,505.0,0.2,0.05,0.8,-NA-
1613,147.62182269063857,499.0,0.2,0.05,0.8,-NA-
1614,147.8370508054523,495.0,0.2,0.05,0.8,-NA-
1615,148.0594427244582,507.0,0.2,0.05,0.8,-NA-
1616,148.28094059405942,506.0,0.2,0.05,0.8,-NA-
1617,147.87755102040816,-504.0,0.2,0.05,0.8,-NA-
1618,148.09950556242273,507.0,0.2,0.05,0.8,-NA-
1619,148.31624459542928,499.0,0.2,0.05,0.8,-NA-
1620,147.91172839506171,-507.0,0.2,0.05,0.8,-NA-
1621,148.13201727328808,505.0,0.2,0.05,0.8,-NA-
1622,147.72996300863133,-504.0,0.2,0.05,0.8,-NA-
1623,147.94393099199013,495.0,0.2,0.05,0.8,-NA-
1624,148.16502463054186,507.0,0.2,0.05,0.8,-NA-
1625,147.75938461538462,-511.0,0.2,0.05,0.8,-NA-
1626,147.35362853628536,-512.0,0.2,0.05,0.8,-NA-
1627,146.95328826060233,-504.0,0.2,0.05,0.8,-NA-
1628,146.55282555282557,-505.0,0.2,0.05,0.8,-NA-
1629,146.77409453652547,507.0,0.2,0.05,0.8,-NA-
1630,146.99447852760736,506.0,0.2,0.05,0.8,-NA-
1631,146.59534028203555,-504.0,0.2,0.05,0.8,-NA-
1632,146.19669117647058,-504.0,0.2,0.05,0.8,-NA-
1633,146.41273729332516,499.0,0.2,0.05,0.8,-NA-
1634,146.63341493268055,507.0,0.2,0.05,0.8,-NA-
1635,146.8519877675841,504.0,0.2,0.05,0.8,-NA-
1636,146.4541564792176,-504.0,0.2,0.05,0.8,-NA-
1637,146.66951740989614,499.0,0.2,0.05,0.8,-NA-
1638,146.8840048840049,498.0,0.2,0.05,0.8,-NA-
1639,147.10372178157414,507.0,0.2,0.05,0.8,-NA-
1640,147.3231707317073,507.0,0.2,0.05,0.8,-NA-
1641,146.9262644728824,-504.0,0.2,0.05,0.8,-NA-
1642,147.14555420219244,507.0,0.2,0.05,0.8,-NA-
1643,147.3572732805843,495.0,0.2,0.05,0.8,-NA-
1644,146.95742092457422,-510.0,0.2,0.05,0.8,-NA-
1645,147.17629179331308,507.0,0.2,0.05,0.8,-NA-
1646,146.78068043742405,-504.0,0.2,0.05,0.8,-NA-
1647,146.381299332119,-511.0,0.2,0.05,0.8,-NA-
1648,146.59283980582524,495.0,0.2,0.05,0.8,-NA-
1649,146.19830200121285,-504.0,0.2,0.05,0.8,-NA-
1650,146.4169696969697,507.0,0.2,0.05,0.8,-NA-
1651,146.023016353725,-504.0,0.2,0.05,0.8,-NA-
1652,145.6265133171913,-509.0,0.2,0.05,0.8,-NA-
1653,145.83968542044767,498.0,0.2,0.05,0.8,-NA-
1654,146.05804111245465,507.0,0.2,0.05,0.8,-NA-
1655,146.27129909365559,499.0,0.2,0.05,0.8,-NA-
1656,146.4842995169082,499.0,0.2,0.05,0.8,-NA-
1657,146.70066385033192,505.0,0.2,0.05,0.8,-NA-
1658,146.30820265379975,-504.0,0.2,0.05,0.8,-NA-
1659,145.91621458710065,-504.0,0.2,0.05,0.8,-NA-
1660,145.52048192771085,-511.0,0.2,0.05,0.8,-NA-
1661,145.12703190848887,-508.0,0.2,0.05,0.8,-NA-
1662,145.34356197352588,505.0,0.2,0.05,0.8,-NA-
1663,145.5604329524955,506.0,0.2,0.05,0.8,-NA-
1664,145.16766826923077,-508.0,0.2,0.05,0.8,-NA-
1665,145.381981981982,502.0,0.2,0.05,0.8,-NA-
1666,145.59903961584635,507.0,0.2,0.05,0.8,-NA-
1667,145.81463707258547,505.0,0.2,0.05,0.8,-NA-
1668,146.03117505995203,507.0,0.2,0.05,0.8,-NA-
1669,146.24745356500898,507.0,0.2,0.05,0.8,-NA-
1670,146.45868263473054,499.0,0.2,0.05,0.8,-NA-
1671,146.66965888689407,499.0,0.2,0.05,0.8,-NA-
1672,146.88516746411483,507.0,0.2,0.05,0.8,-NA-
1673,146.49193066347877,-511.0,0.2,0.05,0.8,-NA-
1674,146.1015531660693,-507.0,0.2,0.05,0.8,-NA-
1675,146.31701492537314,507.0,0.2,0.05,0.8,-NA-
1676,145.92899761336517,-504.0,0.2,0.05,0.8,-NA-
1677,145.5396541443053,-507.0,0.2,0.05,0.8,-NA-
1678,145.7544696066746,506.0,0.2,0.05,0.8,-NA-
1679,145.36748064324001,-504.0,0.2,0.05,0.8,-NA-
1680,145.58273809523808,507.0,0.2,0.05,0.8,-NA-
1681,145.1921475312314,-511.0,0.2,0.05,0.8,-NA-
1682,145.4024970273484,499.0,0.2,0.05,0.8,-NA-
1683,145.0118835412953,-512.0,0.2,0.05,0.8,-NA-
1684,145.22624703087885,506.0,0.2,0.05,0.8,-NA-
1685,145.43976261127597,505.0,0.2,0.05,0.8,-NA-
1686,145.64946619217082,499.0,0.2,0.05,0.8,-NA-
1687,145.26437462951986,-504.0,0.2,0.05,0.8,-NA-
1688,145.47748815165878,505.0,0.2,0.05,0.8,-NA-
1689,145.69034931912375,505.0,0.2,0.05,0.8,-NA-
1690,145.3059171597633,-504.0,0.2,0.05,0.8,-NA-
1691,145.5150798344175,499.0,0.2,0.05,0.8,-NA-
1692,145.12825059101655,-509.0,0.2,0.05,0.8,-NA-
1693,145.3419964559953,507.0,0.2,0.05,0.8,-NA-
1694,145.55076741440377,499.0,0.2,0.05,0.8,-NA-
1695,145.16755162241887,-504.0,0.2,0.05,0.8,-NA-
1696,144.77948113207546,-513.0,0.2,0.05,0.8,-NA-
1697,144.39717147908073,-504.0,0.2,0.05,0.8,-NA-
1698,144.61071849234392,507.0,0.2,0.05,0.8,-NA-
1699,144.81695114773396,495.0,0.2,0.05,0.8,-NA-
1700,144.43470588235294,-505.0,0.2,0.05,0.8,-NA-
1701,144.64785420340976,507.0,0.2,0.05,0.8,-NA-
1702,144.2626321974148,-511.0,0.2,0.05,0.8,-NA-
1703,144.47034644744568,498.0,0.2,0.05,0.8,-NA-
1704,144.08978873239437,-504.0,0.2,0.05,0.8,-NA-
1705,144.3026392961877,507.0,0.2,0.05,0.8,-NA-
1706,144.5152403282532,507.0,0.2,0.05,0.8,-NA-
1707,144.1335676625659,-507.0,0.2,0.05,0.8,-NA-
1708,144.346018735363,507.0,0.2,0.05,0.8,-NA-
1709,144.55822118197776,507.0,0.2,0.05,0.8,-NA-
1710,144.77017543859648,507.0,0.2,0.05,0.8,-NA-
1711,144.97486849795442,495.0,0.2,0.05,0.8,-NA-
1712,144.59579439252337,-504.0,0.2,0.05,0.8,-NA-
1713,144.80268534734384,499.0,0.2,0.05,0.8,-NA-
1714,145.0093348891482,499.0,0.2,0.05,0.8,-NA-
1715,145.22040816326532,507.0,0.2,0.05,0.8,-NA-
1716,145.43065268065268,506.0,0.2,0.05,0.8,-NA-
1717,145.05125218404194,-506.0,0.2,0.05,0.8,-NA-
1718,144.67345750873108,-504.0,0.2,0.05,0.8,-NA-
1719,144.29086678301337,-513.0,0.2,0.05,0.8,-NA-
1720,144.50174418604652,507.0,0.2,0.05,0.8,-NA-
1721,144.712376525276,507.0,0.2,0.05,0.8,-NA-
1722,144.9227642276423,507.0,0.2,0.05,0.8,-NA-
1723,144.54614045269878,-504.0,0.2,0.05,0.8,-NA-
1724,144.1699535962877,-504.0,0.2,0.05,0.8,-NA-
1725,143.79014492753623,-511.0,0.2,0.05,0.8,-NA-
1726,143.41483198146003,-504.0,0.2,0.05,0.8,-NA-
1727,143.62536189924725,507.0,0.2,0.05,0.8,-NA-
1728,143.83449074074073,505.0,0.2,0.05,0.8,-NA-
1729,143.4621168305379,-500.0,0.2,0.05,0.8,-NA-
1730,143.6722543352601,507.0,0.2,0.05,0.8,-NA-
1731,143.29636048526862,-507.0,0.2,0.05,0.8,-NA-
1732,143.50635103926098,507.0,0.2,0.05,0.8,-NA-
1733,143.71609924985574,507.0,0.2,0.05,0.8,-NA-
1734,143.92099192618224,499.0,0.2,0.05,0.8,-NA-
1735,144.12910662824208,505.0,0.2,0.05,0.8,-NA-
1736,144.33294930875576,498.0,0.2,0.05,0.8,-NA-
1737,143.95912492803686,-505.0,0.2,0.05,0.8,-NA-
1738,143.58630609896431,-504.0,0.2,0.05,0.8,-NA-
1739,143.79528464634848,507.0,0.2,0.05,0.8,-NA-
1740,144.00402298850574,507.0,0.2,0.05,0.8,-NA-
1741,144.21137277426766,505.0,0.2,0.05,0.8,-NA-
1742,144.4150401836969,499.0,0.2,0.05,0.8,-NA-
1743,144.62306368330465,507.0,0.2,0.05,0.8,-NA-
1744,144.8308486238532,507.0,0.2,0.05,0.8,-NA-
1745,145.03151862464185,495.0,0.2,0.05,0.8,-NA-
1746,145.23424971363116,499.0,0.2,0.05,0.8,-NA-
1747,145.44075558099598,506.0,0.2,0.05,0.8,-NA-
1748,145.0692219679634,-504.0,0.2,0.05,0.8,-NA-
1749,144.69811320754718,-504.0,0.2,0.05,0.8,-NA-
1750,144.32228571428573,-513.0,0.2,0.05,0.8,-NA-
1751,143.9537407195888,-501.0,0.2,0.05,0.8,-NA-
1752,144.1541095890411,495.0,0.2,0.05,0.8,-NA-
1753,143.78379920136908,-505.0,0.2,0.05,0.8,-NA-
1754,143.98631698973773,499.0,0.2,0.05,0.8,-NA-
1755,143.6159544159544,-506.0,0.2,0.05,0.8,-NA-
1756,143.24715261958997,-504.0,0.2,0.05,0.8,-NA-
1757,142.87933978372226,-503.0,0.2,0.05,0.8,-NA-
1758,142.50625711035266,-513.0,0.2,0.05,0.8,-NA-
1759,142.7066515065378,495.0,0.2,0.05,0.8,-NA-
1760,142.3409090909091,-501.0,0.2,0.05,0.8,-NA-
1761,142.5411697898921,495.0,0.2,0.05,0.8,-NA-
1762,142.7434733257662,499.0,0.2,0.05,0.8,-NA-
1763,142.9489506522972,505.0,0.2,0.05,0.8,-NA-
1764,143.15532879818593,507.0,0.2,0.05,0.8,-NA-
1765,143.36033994334278,505.0,0.2,0.05,0.8,-NA-
1766,143.5656851642129,506.0,0.2,0.05,0.8,-NA-
1767,143.77136389360498,507.0,0.2,0.05,0.8,-NA-
1768,143.40214932126696,-509.0,0.2,0.05,0.8,-NA-
1769,143.03109101187113,-513.0,0.2,0.05,0.8,-NA-
1770,142.66553672316385,-504.0,0.2,0.05,0.8,-NA-
1771,142.86674195369847,499.0,0.2,0.05,0.8,-NA-
1772,143.0716704288939,506.0,0.2,0.05,0.8,-NA-
1773,143.27241962774957,499.0,0.2,0.05,0.8,-NA-
1774,143.4706877113867,495.0,0.2,0.05,0.8,-NA-
1775,143.10591549295773,-504.0,0.2,0.05,0.8,-NA-
1776,143.3108108108108,507.0,0.2,0.05,0.8,-NA-
1777,143.51547552054024,507.0,0.2,0.05,0.8,-NA-
1778,143.15129358830146,-504.0,0.2,0.05,0.8,-NA-
1779,143.3558178752108,507.0,0.2,0.05,0.8,-NA-
1780,143.5556179775281,499.0,0.2,0.05,0.8,-NA-
1781,143.75519371139808,499.0,0.2,0.05,0.8,-NA-
1782,143.39169472502806,-504.0,0.2,0.05,0.8,-NA-
1783,143.5888951205833,495.0,0.2,0.05,0.8,-NA-
1784,143.7909192825112,504.0,0.2,0.05,0.8,-NA-
1785,143.9893557422969,498.0,0.2,0.05,0.8,-NA-
1786,143.6265397536394,-504.0,0.2,0.05,0.8,-NA-
1787,143.2641298265249,-504.0,0.2,0.05,0.8,-NA-
1788,143.4675615212528,507.0,0.2,0.05,0.8,-NA-
1789,143.67076579094467,507.0,0.2,0.05,0.8,-NA-
1790,143.86703910614526,495.0,0.2,0.05,0.8,-NA-
1791,143.50642099385817,-502.0,0.2,0.05,0.8,-NA-
1792,143.70256696428572,495.0,0.2,0.05,0.8,-NA-
1793,143.34132738427218,-504.0,0.2,0.05,0.8,-NA-
1794,142.9804905239688,-504.0,0.2,0.05,0.8,-NA-
1795,143.17883008356546,499.0,0.2,0.05,0.8,-NA-
1796,143.380289532294,505.0,0.2,0.05,0.8,-NA-
1797,143.58263772954925,507.0,0.2,0.05,0.8,-NA-
1798,143.78031145717463,499.0,0.2,0.05,0.8,-NA-
1799,143.9811006114508,505.0,0.2,0.05,0.8,-NA-
1800,143.61888888888888,-508.0,0.2,0.05,0.8,-NA-
1801,143.82065519156023,507.0,0.2,0.05,0.8,-NA-
1802,144.0221975582686,507.0,0.2,0.05,0.8,-NA-
1803,143.66278424847476,-504.0,0.2,0.05,0.8,-NA-
1804,143.86419068736143,507.0,0.2,0.05,0.8,-NA-
1805,144.05983379501384,497.0,0.2,0.05,0.8,-NA-
1806,144.26024363233665,506.0,0.2,0.05,0.8,-NA-
1807,143.90149418926399,-504.0,0.2,0.05,0.8,-NA-
1808,143.54314159292036,-504.0,0.2,0.05,0.8,-NA-
1809,143.73742399115534,495.0,0.2,0.05,0.8,-NA-
1810,143.93591160220996,503.0,0.2,0.05,0.8,-NA-
1811,143.57813362782994,-504.0,0.2,0.05,0.8,-NA-
1812,143.77869757174392,507.0,0.2,0.05,0.8,-NA-
1813,143.97242140099283,495.0,0.2,0.05,0.8,-NA-
1814,143.61521499448733,-504.0,0.2,0.05,0.8,-NA-
1815,143.81542699724517,507.0,0.2,0.05,0.8,-NA-
1816,143.45594713656388,-509.0,0.2,0.05,0.8,-NA-
1817,143.09356081452944,-515.0,0.2,0.05,0.8,-NA-
1818,142.73762376237624,-504.0,0.2,0.05,0.8,-NA-
1819,142.93238042880705,497.0,0.2,0.05,0.8,-NA-
1820,143.13186813186815,506.0,0.2,0.05,0.8,-NA-
1821,143.33168588687533,507.0,0.2,0.05,0.8,-NA-
1822,143.53018660812293,505.0,0.2,0.05,0.8,-NA-
1823,143.1700493691717,-513.0,0.2,0.05,0.8,-NA-
1824,142.8108552631579,-512.0,0.2,0.05,0.8,-NA-
1825,142.45260273972602,-511.0,0.2,0.05,0.8,-NA-
1826,142.64567360350492,495.0,0.2,0.05,0.8,-NA-
1827,142.8440065681445,505.0,0.2,0.05,0.8,-NA-
1828,143.03884026258206,499.0,0.2,0.05,0.8,-NA-
1829,143.2356478950246,503.0,0.2,0.05,0.8,-NA-
1830,142.88142076502731,-505.0,0.2,0.05,0.8,-NA-
1831,143.0802839978154,507.0,0.2,0.05,0.8,-NA-
1832,143.2740174672489,498.0,0.2,0.05,0.8,-NA-
1833,143.47244953627933,507.0,0.2,0.05,0.8,-NA-
1834,143.1145038167939,-513.0,0.2,0.05,0.8,-NA-
1835,142.7623978201635,-503.0,0.2,0.05,0.8,-NA-
1836,142.95969498910677,505.0,0.2,0.05,0.8,-NA-
1837,143.15351115949917,499.0,0.2,0.05,0.8,-NA-
1838,143.35038084874864,505.0,0.2,0.05,0.8,-NA-
1839,143.54594888526373,503.0,0.2,0.05,0.8,-NA-
1840,143.74347826086955,507.0,0.2,0.05,0.8,-NA-
1841,143.39163498098858,-504.0,0.2,0.05,0.8,-NA-
1842,143.58903365906625,507.0,0.2,0.05,0.8,-NA-
1843,143.23765599565925,-504.0,0.2,0.05,0.8,-NA-
1844,143.43492407809111,507.0,0.2,0.05,0.8,-NA-
1845,143.0840108401084,-504.0,0.2,0.05,0.8,-NA-
1846,143.2768147345612,499.0,0.2,0.05,0.8,-NA-
1847,143.4737412019491,507.0,0.2,0.05,0.8,-NA-
1848,143.66612554112555,499.0,0.2,0.05,0.8,-NA-
1849,143.31097890751758,-513.0,0.2,0.05,0.8,-NA-
1850,143.5027027027027,498.0,0.2,0.05,0.8,-NA-
1851,143.15126958400865,-507.0,0.2,0.05,0.8,-NA-
1852,143.341252699784,495.0,0.2,0.05,0.8,-NA-
1853,143.53318942255802,499.0,0.2,0.05,0.8,-NA-
1854,143.722761596548,495.0,0.2,0.05,0.8,-NA-
1855,143.37358490566038,-504.0,0.2,0.05,0.8,-NA-
1856,143.02478448275863,-504.0,0.2,0.05,0.8,-NA-
1857,143.2207862143242,507.0,0.2,0.05,0.8,-NA-
1858,142.8719052744887,-505.0,0.2,0.05,0.8,-NA-
1859,142.52124798278643,-509.0,0.2,0.05,0.8,-NA-
1860,142.71290322580646,499.0,0.2,0.05,0.8,-NA-
1861,142.90865126276196,507.0,0.2,0.05,0.8,-NA-
1862,142.5612244897959,-504.0,0.2,0.05,0.8,-NA-
1863,142.75630703166934,506.0,0.2,0.05,0.8,-NA-
1864,142.95171673819743,507.0,0.2,0.05,0.8,-NA-
1865,142.60160857908846,-510.0,0.2,0.05,0.8,-NA-
1866,142.2550911039657,-504.0,0.2,0.05,0.8,-NA-
1867,141.90573111944295,-510.0,0.2,0.05,0.8,-NA-
1868,142.09689507494647,499.0,0.2,0.05,0.8,-NA-
1869,142.2873194221509,498.0,0.2,0.05,0.8,-NA-
1870,142.48235294117646,507.0,0.2,0.05,0.8,-NA-
1871,142.67717797969001,507.0,0.2,0.05,0.8,-NA-
1872,142.87179487179486,507.0,0.2,0.05,0.8,-NA-
1873,143.05979711692473,495.0,0.2,0.05,0.8,-NA-
1874,142.70917822838848,-514.0,0.2,0.05,0.8,-NA-
1875,142.36,-512.0,0.2,0.05,0.8,-NA-
1876,142.54797441364605,495.0,0.2,0.05,0.8,-NA-
1877,142.74214171550346,507.0,0.2,0.05,0.8,-NA-
1878,142.93077742279021,497.0,0.2,0.05,0.8,-NA-
1879,142.58648217136775,-504.0,0.2,0.05,0.8,-NA-
1880,142.77393617021278,495.0,0.2,0.05,0.8,-NA-
1881,142.4300903774588,-504.0,0.2,0.05,0.8,-NA-
1882,142.61955366631244,499.0,0.2,0.05,0.8,-NA-
1883,142.27827934147638,-500.0,0.2,0.05,0.8,-NA-
1884,142.47186836518046,507.0,0.2,0.05,0.8,-NA-
1885,142.65888594164457,495.0,0.2,0.05,0.8,-NA-
1886,142.31283138918346,-510.0,0.2,0.05,0.8,-NA-
1887,141.9703232644409,-504.0,0.2,0.05,0.8,-NA-
1888,142.16313559322035,506.0,0.2,0.05,0.8,-NA-
1889,142.35627316040234,507.0,0.2,0.05,0.8,-NA-
1890,142.0142857142857,-504.0,0.2,0.05,0.8,-NA-
1891,141.67265996827075,-504.0,0.2,0.05,0.8,-NA-
1892,141.8657505285412,507.0,0.2,0.05,0.8,-NA-
1893,142.05441098784996,499.0,0.2,0.05,0.8,-NA-
1894,142.24287222808871,499.0,0.2,0.05,0.8,-NA-
1895,142.43430079155672,505.0,0.2,0.05,0.8,-NA-
1896,142.08966244725738,-511.0,0.2,0.05,0.8,-NA-
1897,141.75065893516077,-501.0,0.2,0.05,0.8,-NA-
1898,141.4104320337197,-504.0,0.2,0.05,0.8,-NA-
1899,141.60294892048447,507.0,0.2,0.05,0.8,-NA-
1900,141.79526315789474,507.0,0.2,0.05,0.8,-NA-
1901,141.98316675433983,499.0,0.2,0.05,0.8,-NA-
1902,141.64090431125132,-509.0,0.2,0.05,0.8,-NA-
1903,141.83289542827114,507.0,0.2,0.05,0.8,-NA-
1904,142.02468487394958,507.0,0.2,0.05,0.8,-NA-
1905,142.21207349081365,499.0,0.2,0.05,0.8,-NA-
1906,142.39926547743966,499.0,0.2,0.05,0.8,-NA-
1907,142.58993183009963,506.0,0.2,0.05,0.8,-NA-
1908,142.78092243186583,507.0,0.2,0.05,0.8,-NA-
1909,142.44106862231536,-506.0,0.2,0.05,0.8,-NA-
1910,142.62774869109947,499.0,0.2,0.05,0.8,-NA-
1911,142.28833071690215,-506.0,0.2,0.05,0.8,-NA-
1912,141.9503138075314,-504.0,0.2,0.05,0.8,-NA-
1913,141.6116048092002,-506.0,0.2,0.05,0.8,-NA-
1914,141.2742946708464,-504.0,0.2,0.05,0.8,-NA-
1915,141.46318537859008,503.0,0.2,0.05,0.8,-NA-
1916,141.64979123173276,499.0,0.2,0.05,0.8,-NA-
1917,141.3129890453834,-504.0,0.2,0.05,0.8,-NA-
1918,141.5036496350365,507.0,0.2,0.05,0.8,-NA-
1919,141.68994267847836,499.0,0.2,0.05,0.8,-NA-
1920,141.8796875,506.0,0.2,0.05,0.8,-NA-
1921,141.54346694429984,-504.0,0.2,0.05,0.8,-NA-
1922,141.7273673257024,495.0,0.2,0.05,0.8,-NA-
1923,141.9173166926677,507.0,0.2,0.05,0.8,-NA-
1924,141.5810810810811,-505.0,0.2,0.05,0.8,-NA-
1925,141.24571428571429,-504.0,0.2,0.05,0.8,-NA-
1926,140.91069574247143,-504.0,0.2,0.05,0.8,-NA-
1927,141.0965230928905,499.0,0.2,0.05,0.8,-NA-
1928,140.76192946058092,-504.0,0.2,0.05,0.8,-NA-
1929,140.42457231726283,-510.0,0.2,0.05,0.8,-NA-
1930,140.61450777202072,507.0,0.2,0.05,0.8,-NA-
1931,140.8001035732781,499.0,0.2,0.05,0.8,-NA-
1932,140.98809523809524,504.0,0.2,0.05,0.8,-NA-
1933,140.65442317640972,-504.0,0.2,0.05,0.8,-NA-
1934,140.83919338159257,498.0,0.2,0.05,0.8,-NA-
1935,141.0284237726098,507.0,0.2,0.05,0.8,-NA-
1936,141.21694214876032,506.0,0.2,0.05,0.8,-NA-
1937,140.88280846670108,-506.0,0.2,0.05,0.8,-NA-
1938,141.07069143446853,505.0,0.2,0.05,0.8,-NA-
1939,140.73800928313563,-504.0,0.2,0.05,0.8,-NA-
1940,140.92268041237114,499.0,0.2,0.05,0.8,-NA-
1941,141.11025244719218,505.0,0.2,0.05,0.8,-NA-
1942,140.77342945417095,-513.0,0.2,0.05,0.8,-NA-
1943,140.9577972207926,499.0,0.2,0.05,0.8,-NA-
1944,140.6219135802469,-512.0,0.2,0.05,0.8,-NA-
1945,140.80925449871467,505.0,0.2,0.05,0.8,-NA-
1946,140.4737923946557,-512.0,0.2,0.05,0.8,-NA-
1947,140.14278376990242,-504.0,0.2,0.05,0.8,-NA-
1948,139.8100616016427,-508.0,0.2,0.05,0.8,-NA-
1949,139.9984607491021,507.0,0.2,0.05,0.8,-NA-
1950,140.1825641025641,499.0,0.2,0.05,0.8,-NA-
1951,140.366478728857,499.0,0.2,0.05,0.8,-NA-
1952,140.03637295081967,-504.0,0.2,0.05,0.8,-NA-
1953,140.22427035330261,507.0,0.2,0.05,0.8,-NA-
1954,140.40583418628455,495.0,0.2,0.05,0.8,-NA-
1955,140.5933503836317,507.0,0.2,0.05,0.8,-NA-
1956,140.77965235173824,505.0,0.2,0.05,0.8,-NA-
1957,140.96576392437404,505.0,0.2,0.05,0.8,-NA-
1958,140.63636363636363,-504.0,0.2,0.05,0.8,-NA-
1959,140.30781010719755,-503.0,0.2,0.05,0.8,-NA-
1960,140.49489795918367,507.0,0.2,0.05,0.8,-NA-
1961,140.16624171341152,-504.0,0.2,0.05,0.8,-NA-
1962,140.34913353720694,499.0,0.2,0.05,0.8,-NA-
1963,140.5338767193072,503.0,0.2,0.05,0.8,-NA-
1964,140.71995926680245,506.0,0.2,0.05,0.8,-NA-
1965,140.3913486005089,-505.0,0.2,0.05,0.8,-NA-
1966,140.5737538148525,499.0,0.2,0.05,0.8,-NA-
1967,140.75902389425522,505.0,0.2,0.05,0.8,-NA-
1968,140.9451219512195,507.0,0.2,0.05,0.8,-NA-
1969,141.131030980193,507.0,0.2,0.05,0.8,-NA-
1970,141.31675126903554,507.0,0.2,0.05,0.8,-NA-
1971,141.49619482496195,495.0,0.2,0.05,0.8,-NA-
1972,141.68002028397567,504.0,0.2,0.05,0.8,-NA-
1973,141.3497212366954,-510.0,0.2,0.05,0.8,-NA-
1974,141.5339412360689,505.0,0.2,0.05,0.8,-NA-
1975,141.71898734177216,507.0,0.2,0.05,0.8,-NA-
1976,141.3922064777328,-504.0,0.2,0.05,0.8,-NA-
1977,141.06575619625696,-504.0,0.2,0.05,0.8,-NA-
1978,140.7350859453994,-513.0,0.2,0.05,0.8,-NA-
1979,140.92016169782718,507.0,0.2,0.05,0.8,-NA-
1980,141.1050505050505,507.0,0.2,0.05,0.8,-NA-
1981,141.2836951034831,495.0,0.2,0.05,0.8,-NA-
1982,141.46417759838548,499.0,0.2,0.05,0.8,-NA-
1983,141.64851235501766,507.0,0.2,0.05,0.8,-NA-
1984,141.8326612903226,507.0,0.2,0.05,0.8,-NA-
1985,142.01662468513854,507.0,0.2,0.05,0.8,-NA-
1986,142.20040281973817,507.0,0.2,0.05,0.8,-NA-
1987,141.87317564167085,-508.0,0.2,0.05,0.8,-NA-
1988,142.05684104627767,507.0,0.2,0.05,0.8,-NA-
1989,142.23931623931625,505.0,0.2,0.05,0.8,-NA-
1990,142.421608040201,505.0,0.2,0.05,0.8,-NA-
1991,142.59969864389754,497.0,0.2,0.05,0.8,-NA-
1992,142.78263052208834,507.0,0.2,0.05,0.8,-NA-
1993,142.9643753135976,505.0,0.2,0.05,0.8,-NA-
1994,143.14242728184553,498.0,0.2,0.05,0.8,-NA-
1995,143.32080200501252,499.0,0.2,0.05,0.8,-NA-
1996,143.50200400801603,505.0,0.2,0.05,0.8,-NA-
1997,143.68002003004506,499.0,0.2,0.05,0.8,-NA-
1998,143.86186186186185,507.0,0.2,0.05,0.8,-NA-
1999,144.03901950975487,498.0,0.2,0.05,0.8,-NA-
2000,144.22,506.0,0.2,0.05,0.8,-NA-
